-- ▶ 0. 외래 키 제약 잠시 비활성화
SET FOREIGN_KEY_CHECKS = 0;
TRUNCATE TABLE user_credentials;
TRUNCATE TABLE users;
TRUNCATE TABLE sectors;
TRUNCATE TABLE boulders;
TRUNCATE TABLE regions;
TRUNCATE TABLE images;
TRUNCATE TABLE comments;
TRUNCATE TABLE routes;
TRUNCATE TABLE approaches;
TRUNCATE TABLE points;

INSERT INTO users (id, nickname, user_role, profile_image_url, phone, user_sex, user_level, name, email, created_at, updated_at) VALUES
    (1,'bouldertiger', 'ROLE_USER', null, '010-1234-5678', 'MAN', 'V13', '김철수', 'example@com', '2025-01-01 09:00:00', '2025-01-01 09:00:00');

INSERT INTO sectors (id, sector_name, area_code, created_at, updated_at) VALUES
    (1, '을왕리', 'A-1', '2025-01-05 10:00:00', '2025-01-05 10:00:00'),
    (2, '을왕리', 'A-2', '2025-01-05 10:05:00', '2025-01-05 10:05:00'),
    (3, '을왕리', 'A-3', '2025-01-05 10:10:00', '2025-01-05 10:10:00');

INSERT INTO boulders (id, region_id, sector_id, name, description, latitude, longitude, like_count, view_count, created_at, updated_at) VALUES
    (1, 1, 1, 'Sunrise Crag', '해돋이 보기 좋은 바위, 초보자도 접근 용이', 37.579617, 126.977041, 0, 0, '2025-01-10 11:00:00', '2025-01-10 11:00:00'),
    (2, 2, 2, 'Shadow Peak', '그림자가 길게 드리워지는 고독한 암석', 35.179554, 129.075642, 0, 0, '2025-01-10 11:15:00', '2025-01-10 11:15:00'),
    (3, 3, 3, 'Mossy Boulder', '이끼로 덮인 습한 바위, 촉감이 부드러움', 37.566535, 126.977969, 0, 0, '2025-01-10 11:30:00', '2025-01-10 11:30:00');

INSERT INTO routes (id, boulder_id, name, description, route_level, pioneer_name, like_count, view_count, climber_count, comment_count, created_at, updated_at) VALUES
    (1, 1,  'Beginners Edge', '루트 설명이 없습니다.', 'V0', 'jaehoon lee', 0, 0, 0, 0, '2025-01-15 12:00:00', '2025-01-15 12:00:00'),
    (2, 1,  'Sunrise Traverse', '루트 설명이 없습니다.', 'V1', 'Sunrise Crew',  0, 0, 0, 0, '2025-01-15 12:15:00', '2025-01-15 12:15:00'),
    (3, 2,  'Shadow Crack', '루트 설명이 없습니다.', 'V2', 'Shadow Crew', 0, 0, 0, 0, '2025-01-15 12:30:00', '2025-01-15 12:30:00');

INSERT INTO approaches (id, boulder_id, order_index, transport_info, parking_info, duration, tip, distance, created_at, updated_at) VALUES
    (1, 1, 0, '서울역에서 버스 402번 환승 후 하차, 도보 10분', '주차장: 북악산 공영주차장 이용', 20, '해뜨기 30분 전에 도착하면 좋습니다.', 1.4, '2025-01-20 13:00:00', '2025-01-20 13:00:00'),
    (2, 1, 1, '지하철 3호선 안국역 하차, 도보 25분', '주차 공간 협소, 가급적 대중교통 권장', 25, '이른 아침에는 한산합니다.', 2.3, '2025-01-20 13:10:00', '2025-01-20 13:10:00'),
    (3, 2, 0, '부산역에서 시내버스 100번, 종점 하차 후 등산로 진입', '산 입구 유료 주차장(30대 규모)', 40, '석양 무렵 그림자가 길게 드리워집니다.', 0.7, '2025-01-20 13:20:00', '2025-01-20 13:20:00');

INSERT INTO points (id, approach_id, order_index, name, description, note, created_at, updated_at) VALUES
    (1, 1, 0, '북악산 주차장', '북악산 공영주차장에서 출발', '주차비는 카드 결제 가능', '2025-01-22 14:00:00', '2025-01-22 14:00:00'),
    (2, 1, 1, '소나무 숲길', '완만한 경사의 흙길', '이른 아침 이슬에 주의', '2025-01-22 14:05:00', '2025-01-22 14:05:00'),
    (3, 1, 2, '전망 바위', '서울 시내가 보이는 포인트', '사진 촬영 명소', '2025-01-22 14:10:00', '2025-01-22 14:10:00'),
    (4, 1, 3, 'Sunrise Crag 베이스', '볼더 바로 앞 공터', '스트레칭하기 좋은 공간', '2025-01-22 14:15:00', '2025-01-22 14:15:00'),
    (5, 1, 4, '안국역 출구', '역 2번 출구에서 직진', '편의점에서 간식 구매 가능', '2025-01-22 14:20:00', '2025-01-22 14:20:00'),
    (6, 2, 0, '한옥마을 골목', '전통가옥 사이로 난 길', '주민 생활 구역, 소음 주의', '2025-01-22 14:25:00', '2025-01-22 14:25:00'),
    (7, 2, 1, '북측 오르막', '돌계단과 흙길 혼합', '미끄럼 주의', '2025-01-22 14:30:00', '2025-01-22 14:30:00'),
    (8, 2, 2, '정상 접근로', '바위 바로 전 갈림길', '좌측 길로 진입', '2025-01-22 14:35:00', '2025-01-22 14:35:00'),
    (9, 3, 0, '부산역 3번 출구', '버스 환승 지점', '인근에 코인락커 있음', '2025-01-22 14:40:00', '2025-01-22 14:40:00');

INSERT INTO board_posts (id, user_id, title, content, view_count, comment_count, created_at, updated_at) VALUES
     (1, 1, '볼더링장 같이 가실 분 구합니다! (강남)', '이번 주 토요일 오후에 같이 클라이밍 하실 분 계신가요? 초보 환영합니다!', 0, 0, '2025-01-25 15:00:00', '2025-01-25 15:00:00'),
     (2, 1, 'V4 난이도 졸업 팁 공유', 'V3에서 V4 넘어갈 때 고생했는데, 저는 발 위치에 집중해서 돌파했어요. 여러분의 팁은 뭔가요?', 0, 0, '2025-01-25 15:30:00', '2025-01-25 15:30:00'),
     (3, 1, '클라이밍 신발 교체 주기 질문드려요.', '3개월 정도 신었는데, 접지력이 떨어진 느낌이 드는데 교체할 시기인가요? 조언 부탁드립니다.', 0, 0, '2025-01-25 16:00:00', '2025-01-25 16:00:00');

INSERT INTO mate_posts (id, user_id, title, content, view_count, comment_count, meeting_date, created_at, updated_at) VALUES
    (1, 1, '[강남] 볼더링 초보 레벨 (V0~V2) 같이 성장하실 메이트 구합니다.', '주 2회 저녁 8시 이후 정기적으로 활동하실 분 찾아요. 부담 없이 연락주세요!', 0, 0, '2025-12-05 20:00:00', '2025-11-15 10:00:00', '2025-11-15 10:00:00'),
    (2, 1, '[홍대] 주말 암장 투어 메이트 모집 (V3~V5)', '매주 토요일 새로운 암장 방문을 목표로 합니다. 함께 챌린지하고 즐기실 분 환영!', 0, 0, '2025-12-07 15:00:00', '2025-11-16 14:30:00', '2025-11-16 14:30:00'),
    (3, 1, '[건대] 평일 낮 클라이밍 파트너 구해요.', '오후 2시~5시 사이에 시간이 비어서 함께 운동하실 분 구합니다. 리딩/볼더링 모두 가능합니다.', 0, 0, '2025-12-03 14:00:00', '2025-11-17 09:15:00', '2025-11-17 09:15:00');

INSERT INTO comments (id, user_id, domain_id, comment_domain_type, content, created_at, updated_at) VALUES
    (1, 1, 1, 'ROUTE', '첫 번째 게시글의 첫 댓글입니다.', '2025-08-20 10:01:12', '2025-08-20 10:01:12'),
    (2, 1, 2, 'ROUTE', '좋은 글 잘 읽었습니다.', '2025-08-20 10:02:45', '2025-08-20 10:02:45'),
    (3, 1, 2, 'ROUTE', '동의합니다!', '2025-08-20 10:03:27', '2025-08-20 10:03:27'),
    (4, 1, 1, 'BOARD_POST', '두 번째 게시글의 첫 댓글', '2025-08-20 10:03:27', '2025-08-20 10:03:27'),
    (5, 1, 1, 'BOARD_POST', '추가 의견 남깁니다.', '2025-08-20 10:06:49', '2025-08-20 10:06:49'),
    (6, 1, 1, 'BOARD_POST', '게시글 내용이 유익하네요.', '2025-08-20 10:08:15', '2025-08-20 10:08:15'),
    (7, 1, 2, 'BOARD_POST', '궁금한 점이 있습니다.', '2025-08-20 10:09:52', '2025-08-20 10:09:52'),
    (8, 1, 1, 'MATE_POST', '좋은 정보 감사합니다.', '2025-08-20 10:11:30', '2025-08-20 10:11:30'),
    (9, 1, 1, 'MATE_POST', '정말 공감되는 내용입니다.', '2025-08-20 10:13:04', '2025-08-20 10:13:04'),
    (10, 1, 1, 'MATE_POST', '도움이 많이 되었어요.', '2025-08-20 10:14:42', '2025-08-20 10:14:42');

INSERT INTO images (original_filename, domain_id, image_domain_type, image_url, order_index, created_at, updated_at)
VALUES
    ('default.png', 1, 'BOULDER', 'https://boulderside-bucket.s3.ap-northeast-2.amazonaws.com/default.png', 0, '2025-01-28 16:00:00', '2025-01-28 16:00:00'),
    ('default.png', 2, 'BOULDER', 'https://boulderside-bucket.s3.ap-northeast-2.amazonaws.com/default.png', 0, '2025-01-28 16:05:00', '2025-01-28 16:05:00'),
    ('default.png', 2, 'BOULDER', 'https://boulderside-bucket.s3.ap-northeast-2.amazonaws.com/default.png', 1, '2025-01-28 16:10:00', '2025-01-28 16:10:00'),

    ('default.png', 1, 'ROUTE', 'https://boulderside-bucket.s3.ap-northeast-2.amazonaws.com/default.png', 0, '2025-01-28 16:15:00', '2025-01-28 16:15:00'),
    ('default.png', 2, 'ROUTE', 'https://boulderside-bucket.s3.ap-northeast-2.amazonaws.com/default.png', 0, '2025-01-28 16:20:00', '2025-01-28 16:20:00'),
    ('default.png', 2, 'ROUTE', 'https://boulderside-bucket.s3.ap-northeast-2.amazonaws.com/default.png', 1, '2025-01-28 16:25:00', '2025-01-28 16:25:00'),

    ('default.png', 1, 'POINT', 'https://boulderside-bucket.s3.ap-northeast-2.amazonaws.com/default.png', 0, '2025-01-28 16:30:00', '2025-01-28 16:30:00'),
    ('default.png', 2, 'POINT', 'https://boulderside-bucket.s3.ap-northeast-2.amazonaws.com/default.png', 0, '2025-01-28 16:35:00', '2025-01-28 16:35:00'),
    ('default.png', 2, 'POINT', 'https://boulderside-bucket.s3.ap-northeast-2.amazonaws.com/default.png', 1, '2025-01-28 16:40:00', '2025-01-28 16:40:00');


INSERT INTO regions (official_district_code, province, city, region_code)
VALUES ('1100000000', '서울특별시', NULL, '11B10101'),
       ('1111000000', '서울특별시', '종로구', '11B10101'),
       ('1114000000', '서울특별시', '중구', '11B10101'),
       ('1117000000', '서울특별시', '용산구', '11B10101'),
       ('1120000000', '서울특별시', '성동구', '11B10101'),
       ('1121500000', '서울특별시', '광진구', '11B10101'),
       ('1123000000', '서울특별시', '동대문구', '11B10101'),
       ('1126000000', '서울특별시', '중랑구', '11B10101'),
       ('1129000000', '서울특별시', '성북구', '11B10101'),
       ('1130500000', '서울특별시', '강북구', '11B10101'),
       ('1132000000', '서울특별시', '도봉구', '11B10101'),
       ('1135000000', '서울특별시', '노원구', '11B10101'),
       ('1138000000', '서울특별시', '은평구', '11B10101'),
       ('1141000000', '서울특별시', '서대문구', '11B10101'),
       ('1144000000', '서울특별시', '마포구', '11B10101'),
       ('1147000000', '서울특별시', '양천구', '11B10101'),
       ('1150000000', '서울특별시', '강서구', '11B10101'),
       ('1153000000', '서울특별시', '구로구', '11B10101'),
       ('1154500000', '서울특별시', '금천구', '11B10101'),
       ('1156000000', '서울특별시', '영등포구', '11B10101'),
       ('1159000000', '서울특별시', '동작구', '11B10101'),
       ('1162000000', '서울특별시', '관악구', '11B10101'),
       ('1165000000', '서울특별시', '서초구', '11B10101'),
       ('1168000000', '서울특별시', '강남구', '11B10101'),
       ('1171000000', '서울특별시', '송파구', '11B10101'),
       ('1174000000', '서울특별시', '강동구', '11B10101'),
       ('2600000000', '부산광역시', NULL, '11H20201'),
       ('2611000000', '부산광역시', '중구', '11H20201'),
       ('2614000000', '부산광역시', '서구', '11H20201'),
       ('2617000000', '부산광역시', '동구', '11H20201'),
       ('2620000000', '부산광역시', '영도구', '11H20201'),
       ('2623000000', '부산광역시', '부산진구', '11H20201'),
       ('2626000000', '부산광역시', '동래구', '11H20201'),
       ('2629000000', '부산광역시', '남구', '11H20201'),
       ('2632000000', '부산광역시', '북구', '11H20201'),
       ('2635000000', '부산광역시', '해운대구', '11H10701'),
       ('2638000000', '부산광역시', '사하구', '11H20201'),
       ('2641000000', '부산광역시', '금정구', '11H20201'),
       ('2644000000', '부산광역시', '강서구', '11H20201'),
       ('2647000000', '부산광역시', '연제구', '11H20201'),
       ('2650000000', '부산광역시', '수영구', '11H20201'),
       ('2653000000', '부산광역시', '사상구', '11H20201'),
       ('2671000000', '부산광역시', '기장군', '11H20201'),
       ('2700000000', '대구광역시', NULL, '11H10701'),
       ('2711000000', '대구광역시', '중구', '11H10701'),
       ('2714000000', '대구광역시', '동구', '11H10701'),
       ('2717000000', '대구광역시', '서구', '11H10701'),
       ('2720000000', '대구광역시', '남구', '11H10701'),
       ('2723000000', '대구광역시', '북구', '11H10701'),
       ('2726000000', '대구광역시', '수성구', '11H10701'),
       ('2729000000', '대구광역시', '달서구', '11H10701'),
       ('2771000000', '대구광역시', '달성군', '11H10701'),
       ('2772000000', '대구광역시', '군위군', '11H10707'),
       ('2800000000', '인천광역시', NULL, '11B20201'),
       ('2811000000', '인천광역시', '중구', '11B20201'),
       ('2814000000', '인천광역시', '동구', '11B20201'),
       ('2817700000', '인천광역시', '미추홀구', '11B20201'),
       ('2818500000', '인천광역시', '연수구', '11B20201'),
       ('2820000000', '인천광역시', '남동구', '11B20201'),
       ('2823700000', '인천광역시', '부평구', '11B20201'),
       ('2824500000', '인천광역시', '계양구', '11B20201'),
       ('2826000000', '인천광역시', '서구', '11B20201'),
       ('2871000000', '인천광역시', '강화군', '11B20101'),
       ('2872000000', '인천광역시', '옹진군', '11B20201'),
       ('2900000000', '광주광역시', NULL, '11F20501'),
       ('2911000000', '광주광역시', '동구', '11F20501'),
       ('2914000000', '광주광역시', '서구', '11F20501'),
       ('2915500000', '광주광역시', '남구', '11F20501'),
       ('2917000000', '광주광역시', '북구', '11F20501'),
       ('2920000000', '광주광역시', '광산구', '11F20501'),
       ('3000000000', '대전광역시', NULL, '11C20401'),
       ('3011000000', '대전광역시', '동구', '11C20401'),
       ('3014000000', '대전광역시', '중구', '11C20401'),
       ('3017000000', '대전광역시', '서구', '11C20401'),
       ('3020000000', '대전광역시', '유성구', '11C20401'),
       ('3023000000', '대전광역시', '대덕구', '11C20401'),
       ('3100000000', '울산광역시', NULL, '11H20101'),
       ('3111000000', '울산광역시', '중구', '11H20101'),
       ('3114000000', '울산광역시', '남구', '11H20101'),
       ('3117000000', '울산광역시', '동구', '11H20101'),
       ('3120000000', '울산광역시', '북구', '11H20101'),
       ('3171000000', '울산광역시', '울주군', '11H20101'),
       ('3611000000', '세종특별자치시', NULL, '11C20404'),
       ('3611010100', '세종특별자치시', '반곡동', '11C20404'),
       ('3611010200', '세종특별자치시', '소담동', '11C20404'),
       ('3611010300', '세종특별자치시', '보람동', '11C20404'),
       ('3611010400', '세종특별자치시', '대평동', '11C20404'),
       ('3611010500', '세종특별자치시', '가람동', '11C20404'),
       ('3611010600', '세종특별자치시', '한솔동', '11C20404'),
       ('3611010700', '세종특별자치시', '나성동', '11C20404'),
       ('3611010800', '세종특별자치시', '새롬동', '11C20404'),
       ('3611010900', '세종특별자치시', '다정동', '11C20404'),
       ('3611011000', '세종특별자치시', '어진동', '11C20404'),
       ('3611011100', '세종특별자치시', '종촌동', '11C20404'),
       ('3611011200', '세종특별자치시', '고운동', '11C20404'),
       ('3611011300', '세종특별자치시', '아름동', '11C20404'),
       ('3611011400', '세종특별자치시', '도담동', '11C20404'),
       ('3611011500', '세종특별자치시', '산울동', '11C20404'),
       ('3611011600', '세종특별자치시', '해밀동', '11C20404'),
       ('3611011700', '세종특별자치시', '합강동', '11C20404'),
       ('3611011800', '세종특별자치시', '집현동', '11C20404'),
       ('3611011900', '세종특별자치시', '세종동', '11C20404'),
       ('3611012000', '세종특별자치시', '누리동', '11C20404'),
       ('3611012100', '세종특별자치시', '한별동', '11C20404'),
       ('3611012200', '세종특별자치시', '다솜동', '11C20404'),
       ('3611012300', '세종특별자치시', '용호동', '11C20404'),
       ('3611025000', '세종특별자치시', '조치원읍', '11C20404'),
       ('3611031000', '세종특별자치시', '연기면', '11C20404'),
       ('3611032000', '세종특별자치시', '연동면', '11C20404'),
       ('3611033000', '세종특별자치시', '부강면', '11C20404'),
       ('3611034000', '세종특별자치시', '금남면', '11C20404'),
       ('3611035000', '세종특별자치시', '장군면', '11C20404'),
       ('3611036000', '세종특별자치시', '연서면', '11C20404'),
       ('3611037000', '세종특별자치시', '전의면', '11C20404'),
       ('3611038000', '세종특별자치시', '전동면', '11C20404'),
       ('3611039000', '세종특별자치시', '소정면', '11C20404'),
       ('4100000000', '경기도', NULL, '11BD0000'),
       ('4111000000', '경기도', '수원시', '11B20601'),
       ('4113000000', '경기도', '성남시', '11B20605'),
       ('4115000000', '경기도', '의정부시', '11B20301'),
       ('4117000000', '경기도', '안양시', '11B20602'),
       ('4119000000', '경기도', '부천시', '11B20204'),
       ('4121000000', '경기도', '광명시', '11B10103'),
       ('4122000000', '경기도', '평택시', '11B20606'),
       ('4125000000', '경기도', '동두천시', '11B20401'),
       ('4127000000', '경기도', '안산시', '11B20203'),
       ('4128000000', '경기도', '고양시', '11B20302'),
       ('4129000000', '경기도', '과천시', '11B10102'),
       ('4131000000', '경기도', '구리시', '11B20501'),
       ('4136000000', '경기도', '남양주시', '11B20502'),
       ('4137000000', '경기도', '오산시', '11B20603'),
       ('4139000000', '경기도', '시흥시', '11B20202'),
       ('4141000000', '경기도', '군포시', '11B20610'),
       ('4143000000', '경기도', '의왕시', '11B20609'),
       ('4145000000', '경기도', '하남시', '11B20504'),
       ('4146000000', '경기도', '용인시', '11B20612'),
       ('4148000000', '경기도', '파주시', '11B20305'),
       ('4150000000', '경기도', '이천시', '11B20701'),
       ('4155000000', '경기도', '안성시', '11B20611'),
       ('4157000000', '경기도', '김포시', '11B20102'),
       ('4159000000', '경기도', '화성시', '11B20604'),
       ('4161000000', '경기도', '광주시', '11B20702'),
       ('4163000000', '경기도', '양주시', '11B20304'),
       ('4165000000', '경기도', '포천시', '11B20403'),
       ('4167000000', '경기도', '여주시', '11B20703'),
       ('4180000000', '경기도', '연천군', '11B20402'),
       ('4182000000', '경기도', '가평군', '11B20404'),
       ('4183000000', '경기도', '양평군', '11B20503'),
       ('4300000000', '충청북도', NULL, '11C10000'),
       ('4311000000', '충청북도', '청주시', '11C10301'),
       ('4313000000', '충청북도', '충주시', '11C10101'),
       ('4315000000', '충청북도', '제천시', '11C10201'),
       ('4372000000', '충청북도', '보은군', '11C10302'),
       ('4373000000', '충청북도', '옥천군', '11C10403'),
       ('4374000000', '충청북도', '영동군', '11C10402'),
       ('4374500000', '충청북도', '증평군', '11C10304'),
       ('4375000000', '충청북도', '진천군', '11C10102'),
       ('4376000000', '충청북도', '괴산군', '11C10303'),
       ('4377000000', '충청북도', '음성군', '11C10103'),
       ('4380000000', '충청북도', '단양군', '11C10202'),
       ('4400000000', '충청남도', NULL, '11C20000'),
       ('4413000000', '충청남도', '천안시', '11C20301'),
       ('4415000000', '충청남도', '공주시', '11C20402'),
       ('4418000000', '충청남도', '보령시', '11C20201'),
       ('4420000000', '충청남도', '아산시', '11C20302'),
       ('4421000000', '충청남도', '서산시', '11C20101'),
       ('4423000000', '충청남도', '논산시', '11C20602'),
       ('4425000000', '충청남도', '계룡시', '11C20403'),
       ('4427000000', '충청남도', '당진시', '11C20103'),
       ('4471000000', '충청남도', '금산군', '11C20601'),
       ('4476000000', '충청남도', '부여군', '11C20501'),
       ('4477000000', '충청남도', '서천군', '11C20202'),
       ('4479000000', '충청남도', '청양군', '11C20502'),
       ('4480000000', '충청남도', '홍성군', '11C20104'),
       ('4481000000', '충청남도', '예산군', '11C20303'),
       ('4482500000', '충청남도', '태안군', '11C20102'),
       ('4600000000', '전라남도', NULL, '11F20000'),
       ('4611000000', '전라남도', '목포시', '21F20801'),
       ('4613000000', '전라남도', '여수시', '11F20401'),
       ('4615000000', '전라남도', '순천시', '11F20603'),
       ('4617000000', '전라남도', '나주시', '11F20503'),
       ('4623000000', '전라남도', '광양시', '11F20402'),
       ('4671000000', '전라남도', '담양군', '11F20504'),
       ('4672000000', '전라남도', '곡성군', '11F20602'),
       ('4673000000', '전라남도', '구례군', '11F20601'),
       ('4677000000', '전라남도', '고흥군', '11F20403'),
       ('4678000000', '전라남도', '보성군', '11F20404'),
       ('4679000000', '전라남도', '화순군', '11F20505'),
       ('4680000000', '전라남도', '장흥군', '11F20304'),
       ('4681000000', '전라남도', '강진군', '11F20303'),
       ('4682000000', '전라남도', '해남군', '11F20302'),
       ('4683000000', '전라남도', '영암군', '21F20802'),
       ('4684000000', '전라남도', '무안군', '21F20804'),
       ('4686000000', '전라남도', '함평군', '21F20101'),
       ('4687000000', '전라남도', '영광군', '21F20102'),
       ('4688000000', '전라남도', '장성군', '11F20502'),
       ('4689000000', '전라남도', '완도군', '11F20301'),
       ('4690000000', '전라남도', '진도군', '21F20201'),
       ('4691000000', '전라남도', '신안군', '21F20803'),
       ('4700000000', '경상북도', NULL, '11H10000'),
       ('4711000000', '경상북도', '포항시', '11H10201'),
       ('4713000000', '경상북도', '경주시', '11H10202'),
       ('4715000000', '경상북도', '김천시', '11H10601'),
       ('4717000000', '경상북도', '안동시', '11H10501'),
       ('4719000000', '경상북도', '구미시', '11H10602'),
       ('4721000000', '경상북도', '영주시', '11H10401'),
       ('4723000000', '경상북도', '영천시', '11H10702'),
       ('4725000000', '경상북도', '상주시', '11H10302'),
       ('4728000000', '경상북도', '문경시', '11H10301'),
       ('4729000000', '경상북도', '경산시', '11H10703'),
       ('4773000000', '경상북도', '의성군', '11H10502'),
       ('4775000000', '경상북도', '청송군', '11H10503'),
       ('4776000000', '경상북도', '영양군', '11H10403'),
       ('4777000000', '경상북도', '영덕군', '11H10102'),
       ('4782000000', '경상북도', '청도군', '11H10704'),
       ('4783000000', '경상북도', '고령군', '11H10604'),
       ('4784000000', '경상북도', '성주군', '11H10605'),
       ('4785000000', '경상북도', '칠곡군', '11H10705'),
       ('4790000000', '경상북도', '예천군', '11H10303'),
       ('4792000000', '경상북도', '봉화군', '11H10402'),
       ('4793000000', '경상북도', '울진군', '11H10101'),
       ('4794000000', '경상북도', '울릉군', '11E00101'),
       ('4800000000', '경상남도', NULL, '11H20000'),
       ('4812000000', '경상남도', '창원시', '11H20301'),
       ('4817000000', '경상남도', '진주시', '11H20701'),
       ('4822000000', '경상남도', '통영시', '11H20401'),
       ('4824000000', '경상남도', '사천시', '11H20402'),
       ('4825000000', '경상남도', '김해시', '11H20304'),
       ('4827000000', '경상남도', '밀양시', '11H20601'),
       ('4831000000', '경상남도', '거제시', '11H20403'),
       ('4833000000', '경상남도', '양산시', '11H20102'),
       ('4872000000', '경상남도', '의령군', '11H20602'),
       ('4873000000', '경상남도', '함안군', '11H20603'),
       ('4874000000', '경상남도', '창녕군', '11H20604'),
       ('4882000000', '경상남도', '고성군', '11D20402'),
       ('4884000000', '경상남도', '남해군', '11H20405'),
       ('4885000000', '경상남도', '하동군', '11H20704'),
       ('4886000000', '경상남도', '산청군', '11H20703'),
       ('4887000000', '경상남도', '함양군', '11H20501'),
       ('4888000000', '경상남도', '거창군', '11H20502'),
       ('4889000000', '경상남도', '합천군', '11H20503'),
       ('5000000000', '제주특별자치도', NULL, '11G00000'),
       ('5011000000', '제주특별자치도', '제주시', '11G00201'),
       ('5013000000', '제주특별자치도', '서귀포시', '11G00401'),
       ('5100000000', '강원특별자치도', NULL, '11D20000'),
       ('5111000000', '강원특별자치도', '춘천시', '11D10301'),
       ('5113000000', '강원특별자치도', '원주시', '11D10401'),
       ('5115000000', '강원특별자치도', '강릉시', '11D20501'),
       ('5117000000', '강원특별자치도', '동해시', '11D20601'),
       ('5119000000', '강원특별자치도', '태백시', '11D20301'),
       ('5121000000', '강원특별자치도', '속초시', '11D20401'),
       ('5123000000', '강원특별자치도', '삼척시', '11D20602'),
       ('5172000000', '강원특별자치도', '홍천군', '11D10302'),
       ('5173000000', '강원특별자치도', '횡성군', '11D10402'),
       ('5175000000', '강원특별자치도', '영월군', '11D10501'),
       ('5176000000', '강원특별자치도', '평창군', '11D10503'),
       ('5177000000', '강원특별자치도', '정선군', '11D10502'),
       ('5178000000', '강원특별자치도', '철원군', '11D10101'),
       ('5179000000', '강원특별자치도', '화천군', '11D10102'),
       ('5180000000', '강원특별자치도', '양구군', '11D10202'),
       ('5181000000', '강원특별자치도', '인제군', '11D10201'),
       ('5182000000', '강원특별자치도', '고성군', '11D20402'),
       ('5183000000', '강원특별자치도', '양양군', '11D20403'),
       ('5200000000', '전북특별자치도', NULL, '11F00000'),
       ('5211000000', '전북특별자치도', '전주시', '11F10201'),
       ('5213000000', '전북특별자치도', '군산시', '21F10501'),
       ('5214000000', '전북특별자치도', '익산시', '11F10202'),
       ('5218000000', '전북특별자치도', '정읍시', '11F10203'),
       ('5219000000', '전북특별자치도', '남원시', '11F10401'),
       ('5221000000', '전북특별자치도', '김제시', '21F10502'),
       ('5271000000', '전북특별자치도', '완주군', '11F10204'),
       ('5272000000', '전북특별자치도', '진안군', '11F10303'),
       ('5273000000', '전북특별자치도', '무주군', '11F10302'),
       ('5274000000', '전북특별자치도', '장수군', '11F10301'),
       ('5275000000', '전북특별자치도', '임실군', '11F10402'),
       ('5277000000', '전북특별자치도', '순창군', '11F10403'),
       ('5279000000', '전북특별자치도', '고창군', '21F10601'),
       ('5280000000', '전북특별자치도', '부안군', '21F10602');

--  외래 키 제약 다시 활성화
SET FOREIGN_KEY_CHECKS = 1;