-- ▶ 0. 외래 키 제약 잠시 비활성화
SET FOREIGN_KEY_CHECKS = 0;

-- user table 초기화
TRUNCATE TABLE users;

-- boulders table 초기화
TRUNCATE TABLE boulders;

-- regions table 초기화
TRUNCATE TABLE regions;

TRUNCATE TABLE sectors;

TRUNCATE TABLE images;

TRUNCATE TABLE comments;

TRUNCATE TABLE routes;

TRUNCATE TABLE approaches;
TRUNCATE TABLE points;

INSERT INTO board_posts (user_id, title, content, view_count, comment_count, created_at, updated_at) VALUES
 (1, '볼더링장 같이 가실 분 구합니다! (강남)', '이번 주 토요일 오후에 같이 클라이밍 하실 분 계신가요? 초보 환영합니다!', 50, 3, '2025-10-01 11:30:00', '2025-10-01 11:30:00'),
 (1, 'V4 난이도 졸업 팁 공유', 'V3에서 V4 넘어갈 때 고생했는데, 저는 발 위치에 집중해서 돌파했어요. 여러분의 팁은 뭔가요?', 150, 15, '2025-10-05 16:45:00', '2025-10-05 17:00:00'),
 (1, '클라이밍 신발 교체 주기 질문드려요.', '3개월 정도 신었는데, 접지력이 떨어진 느낌이 드는데 교체할 시기인가요? 조언 부탁드립니다.', 88, 7, '2025-10-10 09:10:00', '2025-10-10 09:10:00'),
 (1, '오늘의 실패 루트 기록 (B센터 빨강)', '팔 힘이 너무 빨리 빠지네요. 탑 홀드를 잡기 직전에서 항상 떨어집니다. 내일은 코어 운동부터 해야겠습니다.', 30, 0, '2025-10-12 20:00:00', '2025-10-12 20:00:00'),
 (1, '새 볼더링 홀 오픈 소식!', '서초동에 새로운 볼더링장이 생겼다고 합니다! 분위기가 궁금해서 이번 주말에 가보려구요.', 112, 5, '2025-10-15 14:00:00', '2025-10-15 14:00:00'),
 (1, '팔꿈치 통증, 이럴 땐 어떻게 해야 하나요?', '운동 후 다음날 팔꿈치 바깥쪽이 아픕니다. 흔한 증상인가요? 혹시 스트레칭 팁 아시는 분?', 201, 21, '2025-10-20 17:25:00', '2025-10-20 17:25:00'),
 (1, '볼더링 초크 추천 (액상 vs 가루)', '여름이라 땀이 많이 나서 액상 초크가 좋을까요? 아니면 가루 초크가 더 나은가요? 장단점 비교해주세요!', 95, 11, '2025-10-25 10:40:00', '2025-10-25 10:40:00'),
 (1, 'V1 완등 기념 후기!', '드디어 V1 성공했습니다! 꾸준히 하는 게 답이네요. 다음은 V2 목표! 다들 화이팅입니다.', 60, 4, '2025-11-01 19:30:00', '2025-11-01 19:30:00'),
 (1, '볼더링 관련 유튜브 채널 추천 받습니다!', '재미있거나 교육적인 채널 있으면 알려주세요. 주로 해외 채널도 괜찮습니다.', 72, 6, '2025-11-05 13:15:00', '2025-11-05 13:15:00'),
 (1, '평일 저녁 야외 클라이밍 벙개!', '수요일 저녁 7시, 북한산 인수봉에서 가볍게 모입니다. 초보자는 안전장비 필수 지참입니다.', 45, 2, '2025-11-10 16:00:00', '2025-11-10 16:00:00');

INSERT INTO mate_posts (user_id, title, content, view_count, comment_count, meeting_date, created_at, updated_at) VALUES
(1, '[강남] 볼더링 초보 레벨 (V0~V2) 같이 성장하실 메이트 구합니다.', '주 2회 저녁 8시 이후 정기적으로 활동하실 분 찾아요. 부담 없이 연락주세요!', 75, 5, '2025-12-05 20:00:00', '2025-11-15 10:00:00', '2025-11-15 10:00:00'),
(1, '[홍대] 주말 암장 투어 메이트 모집 (V3~V5)', '매주 토요일 새로운 암장 방문을 목표로 합니다. 함께 챌린지하고 즐기실 분 환영!', 120, 12, '2025-12-07 15:00:00', '2025-11-16 14:30:00', '2025-11-16 14:30:00'),
(1, '[건대] 평일 낮 클라이밍 파트너 구해요.', '오후 2시~5시 사이에 시간이 비어서 함께 운동하실 분 구합니다. 리딩/볼더링 모두 가능합니다.', 55, 3, '2025-12-03 14:00:00', '2025-11-17 09:15:00', '2025-11-17 09:15:00'),
(1, '[인천] 하네스 사용법 가르쳐 주실 분! (초보)', '클라이밍 입문한 지 얼마 안 됐습니다. 리딩 안전 교육 및 기본 자세 알려주실 친절한 분 찾아요!', 30, 8, '2025-12-08 19:00:00', '2025-11-18 19:40:00', '2025-11-18 19:40:00'),
(1, '[부산] 볼더링 V6 이상 목표 트레이닝 메이트', '진지하게 실력 향상에 초점을 맞추고 싶습니다. 서로 피드백 주고받으며 강하게 운동하실 분 연락주세요.', 99, 9, '2025-12-10 18:30:00', '2025-11-19 11:20:00', '2025-11-19 11:20:00'),
(1, '[수원] 신규 암장 같이 가봐요.', '이번에 오픈한 **클라임탑 수원점** 같이 탐방하실 분! 선착순 2명 모집합니다.', 68, 4, '2025-12-06 13:00:00', '2025-11-20 15:50:00', '2025-11-20 15:50:00'),
(1, '[대구] 여성 클라이밍 메이트 (V1~V3)', '여성분들끼리 편안하게 볼더링 즐기실 분 구합니다. 매주 수요일 저녁 모임.', 42, 1, '2025-12-04 19:00:00', '2025-11-21 20:10:00', '2025-11-21 20:10:00'),
(1, '[대전] 주 1회 야외 리드 클라이밍 메이트', '산악회 활동 경험 있으신 분 우대합니다. 장비는 각자 지참입니다.', 85, 14, '2025-12-14 10:00:00', '2025-11-22 13:05:00', '2025-11-22 13:05:00'),
(1, '[잠실] 평일 점심 볼더링 파트너', '점심시간 활용해서 1시간 반 정도 운동하실 직장인 분 계신가요? (V2~V4)', 77, 7, '2025-12-09 12:30:00', '2025-11-23 08:30:00', '2025-11-23 08:30:00'),
(1, '[제주] 가끔 주말에 같이 암벽 등반하실 분?', '날씨 좋을 때 가볍게 다녀올 메이트 찾아요. 주로 성산일출봉 근처 암장 이용.', 35, 2, '2025-12-13 11:00:00', '2025-11-24 16:55:00', '2025-11-24 16:55:00'),
(1, '[광주] 클라이밍 초보 탈출 프로젝트 팀원 모집!', 'V0 벽부터 차근차근 깨나갈 열정 있는 분들 모여주세요. 트레이닝 계획 공유합니다.', 51, 6, '2025-12-01 19:30:00', '2025-11-25 18:00:00', '2025-11-25 18:00:00'),
(1, '[천안] 퇴근 후 볼더링 메이트 구인 (V3)', '월, 목 저녁 7시 정기 모임. 즐겁게 땀 흘리실 분 메시지 주세요!', 63, 5, '2025-12-02 19:00:00', '2025-11-26 12:45:00', '2025-11-26 12:45:00'),
(1, '[분당] 암벽화 세탁/관리 팁 공유하실 분 모임', '볼더링 후에 신발 관리하는 노하우 같이 공유해요. 모임 후 커피 한잔!', 22, 0, '2025-12-11 15:00:00', '2025-11-27 15:10:00', '2025-11-27 15:10:00'),
(1, '[강서] V5 문제 푸는 것 봐주실 코치 메이트 부탁드려요.', '특정 루트에서 계속 막힙니다. 제 움직임을 보시고 냉정한 피드백 주실 고수분 찾습니다.', 90, 10, '2025-12-05 18:00:00', '2025-11-28 09:00:00', '2025-11-28 09:00:00'),
(1, '[전국] 온라인 트레이닝 기록 공유 메이트', '실내 암장 운동 기록(루트, 시간, 실패 영상)을 공유하며 서로 동기 부여하실 분들 모십니다. (V4 이상)', 15, 3, '2025-12-30 00:00:00', '2025-11-29 21:00:00', '2025-11-29 21:00:00');

INSERT INTO approaches (id, boulder_id, order_index, transport_info, parking_info, duration, tip, created_at, updated_at)
VALUES
    -- Sunrise Crag (1)
    (1, 1, 0, '서울역에서 버스 402번 환승 후 하차, 도보 10분', '주차장: 북악산 공영주차장 이용', 20, '해뜨기 30분 전에 도착하면 좋습니다.', '2025-08-21 08:00:00', '2025-08-21 08:00:00'),
    (2, 1, 1, '지하철 3호선 안국역 하차, 도보 25분', '주차 공간 협소, 가급적 대중교통 권장', 25, '이른 아침에는 한산합니다.', '2025-08-21 08:05:00', '2025-08-21 08:05:00'),

    -- Shadow Peak (2)
    (3, 2, 0, '부산역에서 시내버스 100번, 종점 하차 후 등산로 진입', '산 입구 유료 주차장(30대 규모)', 40, '석양 무렵 그림자가 길게 드리워집니다.', '2025-08-21 08:10:00', '2025-08-21 08:10:00'),

    -- Mossy Boulder (3)
    (4, 3, 0, '종로3가역에서 도보 15분', '인근 공영주차장 이용 가능', 15, '비 온 다음 날은 미끄러우니 주의하세요.', '2025-08-21 08:15:00', '2025-08-21 08:15:00'),

    -- Eagle's Perch (4)
    (5, 4, 0, '대전역에서 버스 1번 탑승, 산성 입구 하차 후 20분 도보', '산성 주차장 무료 개방', 30, '독수리가 날아오르는 시간대는 이른 아침.', '2025-08-21 08:20:00', '2025-08-21 08:20:00'),
    (6, 4, 1, '유성IC에서 차량 15분, 도보 10분', '주차 공간 충분', 25, '전망대에서 도심이 한눈에 들어옵니다.', '2025-08-21 08:25:00', '2025-08-21 08:25:00'),

    -- Whispering Stone (5)
    (7, 5, 0, '대구역에서 버스 23번, 종점 하차 후 숲길 따라 15분', '마을 입구 소규모 주차장', 20, '바람 소리가 크게 들리는 포인트를 찾아보세요.', '2025-08-21 08:30:00', '2025-08-21 08:30:00'),

    -- Red Cliff (6)
    (8, 6, 0, '광주송정역에서 버스 30번, 절벽 입구 하차', '주차장은 협소, 주말 혼잡', 35, '사진 촬영 명소, 오후 햇살이 좋습니다.', '2025-08-21 08:35:00', '2025-08-21 08:35:00'),

    -- Twin Rocks (7)
    (9, 7, 0, '세종시청에서 버스 221번, 종점 하차', '임시 주차 공간 있음', 25, '쌍둥이 바위 사이로 들어가면 시원한 바람.', '2025-08-21 08:40:00', '2025-08-21 08:40:00'),
    (10, 7, 1, '차량 접근 가능, 진입로 좁음', '바위 앞 공터 주차 가능', 10, '야간에는 별빛 감상이 좋습니다.', '2025-08-21 08:45:00', '2025-08-21 08:45:00'),

    -- Hidden Hollow (8)
    (11, 8, 0, '전주역에서 버스 12번, 골짜기 입구 하차', '마을회관 앞 주차장 이용 가능', 30, '계곡물 소리와 함께 아늑한 분위기.', '2025-08-21 08:50:00', '2025-08-21 08:50:00');

INSERT INTO points (id, approach_id, order_index, name, description, note, created_at, updated_at) VALUES
    (1, 1, 0, '북악산 주차장', '북악산 공영주차장에서 출발', '주차비는 카드 결제 가능', '2025-08-21 09:00:00', '2025-08-21 09:00:00'),
    (2, 1, 1, '소나무 숲길', '완만한 경사의 흙길', '이른 아침 이슬에 주의', '2025-08-21 09:01:00', '2025-08-21 09:01:00'),
    (3, 1, 2, '전망 바위', '서울 시내가 보이는 포인트', '사진 촬영 명소', '2025-08-21 09:02:00', '2025-08-21 09:02:00'),
    (4, 1, 3, 'Sunrise Crag 베이스', '볼더 바로 앞 공터', '스트레칭하기 좋은 공간', '2025-08-21 09:03:00', '2025-08-21 09:03:00'),
    (5, 2, 0, '안국역 출구', '역 2번 출구에서 직진', '편의점에서 간식 구매 가능', '2025-08-21 09:04:00', '2025-08-21 09:04:00'),
    (6, 2, 1, '한옥마을 골목', '전통가옥 사이로 난 길', '주민 생활 구역, 소음 주의', '2025-08-21 09:05:00', '2025-08-21 09:05:00'),
    (7, 2, 2, '북측 오르막', '돌계단과 흙길 혼합', '미끄럼 주의', '2025-08-21 09:06:00', '2025-08-21 09:06:00'),
    (8, 2, 3, '정상 접근로', '바위 바로 전 갈림길', '좌측 길로 진입', '2025-08-21 09:07:00', '2025-08-21 09:07:00'),
    (9, 3, 0, '부산역 3번 출구', '버스 환승 지점', '인근에 코인락커 있음', '2025-08-21 09:08:00', '2025-08-21 09:08:00'),
    (10, 3, 1, '어귀 쉼터', '버스 종점 옆 정자', '물 보충 가능', '2025-08-21 09:09:00', '2025-08-21 09:09:00'),
    (11, 3, 2, '등산로 초입', '완만한 숲길 시작', '해충 스프레이 권장', '2025-08-21 09:10:00', '2025-08-21 09:10:00'),
    (12, 3, 3, 'Shadow Peak 베이스', '암벽 앞 평평한 공간', '바람이 강함', '2025-08-21 09:11:00', '2025-08-21 09:11:00'),
    (13, 4, 0, '종로3가 역사', '6번 출구 집결 지점', '지하철 이용 추천', '2025-08-21 09:12:00', '2025-08-21 09:12:00'),
    (14, 4, 1, '계곡 초입', '작은 다리를 건너는 지점', '우천 시 수위 상승', '2025-08-21 09:13:00', '2025-08-21 09:13:00'),
    (15, 4, 2, '이끼 숲길', '미끄러운 돌길', '트레킹화 필수', '2025-08-21 09:14:00', '2025-08-21 09:14:00'),
    (16, 4, 3, 'Mossy Boulder 앞', '볼더 하단 쉼터', '습기가 많음', '2025-08-21 09:15:00', '2025-08-21 09:15:00'),
    (17, 5, 0, '대전 산성 입구', '버스 하차 후 바로 보임', '매점에서 간식 구매 가능', '2025-08-21 09:16:00', '2025-08-21 09:16:00'),
    (18, 5, 1, '현수교', '짧은 구름다리', '사진 스팟', '2025-08-21 09:17:00', '2025-08-21 09:17:00'),
    (19, 5, 2, 'Eagle''s Perch 베이스', '전망대 아래 공터', '강풍 주의', '2025-08-21 09:18:00', '2025-08-21 09:18:00'),
    (20, 6, 0, '유성IC 출발점', '도로 옆 임시 주차장', '네비게이션 주소: 유성전망대', '2025-08-21 09:19:00', '2025-08-21 09:19:00'),
    (21, 6, 1, '임도 진입', '비포장 도로 시작', 'SUV 권장', '2025-08-21 09:20:00', '2025-08-21 09:20:00'),
    (22, 6, 2, '소나무 숲', '완만한 오르막', '그늘이 많아 시원함', '2025-08-21 09:21:00', '2025-08-21 09:21:00'),
    (23, 6, 3, '전망 데크', '도심 조망 포인트', '사진 촬영 추천', '2025-08-21 09:22:00', '2025-08-21 09:22:00'),
    (24, 7, 0, '대구역 버스정류장', '23번 버스 승차 지점', '교통카드 필수', '2025-08-21 09:23:00', '2025-08-21 09:23:00'),
    (25, 7, 1, '숲길 입구', '마을 뒤편 좁은 길', '주민 차량 주의', '2025-08-21 09:24:00', '2025-08-21 09:24:00'),
    (26, 7, 2, '폭포 포인트', '작은 폭포 옆 바위', '발판이 젖어 있음', '2025-08-21 09:25:00', '2025-08-21 09:25:00'),
    (27, 8, 0, 'Red Cliff 주차장', '절벽 입구 소형 주차장', '주말 혼잡', '2025-08-21 09:26:00', '2025-08-21 09:26:00'),
    (28, 8, 1, '붉은 흙길', '틈새에서 붉은 토양이 드러남', '비 오면 진흙길', '2025-08-21 09:27:00', '2025-08-21 09:27:00'),
    (29, 8, 2, '절벽 전망대', '절벽 중간 평탄지', '안전 펜스 있음', '2025-08-21 09:28:00', '2025-08-21 09:28:00'),
    (30, 8, 3, 'Red Cliff 베이스', '볼더 앞 작은 공터', '장비 정리에 용이', '2025-08-21 09:29:00', '2025-08-21 09:29:00'),
    (31, 9, 0, '세종시청 앞', '221번 버스 정류장', '정기권 사용 가능', '2025-08-21 09:30:00', '2025-08-21 09:30:00'),
    (32, 9, 1, '갈대밭 길', '쌍둥이 바위로 향하는 갈대밭', '노을이 아름다움', '2025-08-21 09:31:00', '2025-08-21 09:31:00'),
    (33, 9, 2, 'Twin Rocks 앞마당', '두 바위 사이 공터', '야영 금지', '2025-08-21 09:32:00', '2025-08-21 09:32:00'),
    (34, 10, 0, '비포장 주차장', '차량 접근 가능', '비 오면 진입 곤란', '2025-08-21 09:33:00', '2025-08-21 09:33:00'),
    (35, 10, 1, '계곡 다리', '작은 나무 다리', '미끄럼 방지 필요', '2025-08-21 09:34:00', '2025-08-21 09:34:00'),
    (36, 10, 2, '야간 전망 포인트', '별 관측 최적지', '랜턴 필수', '2025-08-21 09:35:00', '2025-08-21 09:35:00'),
    (37, 10, 3, 'Hidden Hollow 입구', '계곡 속 진입로', '습기 높음', '2025-08-21 09:36:00', '2025-08-21 09:36:00'),
    (38, 11, 0, '전주역 광장', '버스 승차 위치', '인근 카페 다수', '2025-08-21 09:37:00', '2025-08-21 09:37:00'),
    (39, 11, 1, '골짜기 입구', '마을회관 옆', '주민 인사 권장', '2025-08-21 09:38:00', '2025-08-21 09:38:00'),
    (40, 11, 2, '계류길', '맑은 계류 따라 오르는 길', '장화 추천', '2025-08-21 09:39:00', '2025-08-21 09:39:00'),
    (41, 11, 3, '은신처 평상', '나무 평상 두 개', '휴식 가능', '2025-08-21 09:40:00', '2025-08-21 09:40:00'),
    (42, 11, 4, 'Hidden Hollow 베이스', '바위 바로 앞 플랫폼', '기온이 낮음', '2025-08-21 09:41:00', '2025-08-21 09:41:00'),
    (43, 11, 5, '비상 대피소', '간이 대피소 위치', '우천 시 대피 가능', '2025-08-21 09:42:00', '2025-08-21 09:42:00');

INSERT INTO routes (id, boulder_id, region_id, sector_id, name, pioneer_name, like_count, view_count, climber_count, comment_count, latitude, longitude, route_level, created_at, updated_at)
VALUES
    (1, 1, 1, 1, 'Beginner''s Edge', 'Sunrise Crew', 3, 0, 0, 0, 37.579617, 126.977041, 'V0', '2025-08-21 10:00:00', '2025-08-21 10:00:00'),
    (2, 1, 1, 1, 'Sunrise Traverse', 'Sunrise Crew', 5, 0, 0, 0, 37.579617, 126.977041, 'V2', '2025-08-21 10:05:00', '2025-08-21 10:05:00'),
    (3, 2, 2, 2, 'Shadow Crack', 'Shadow Crew', 2, 0, 0, 0, 35.179554, 129.075642, 'V1', '2025-08-21 10:10:00', '2025-08-21 10:10:00'),
    (4, 2, 2, 2, 'Moonlight Mantle', 'Shadow Crew', 7, 0, 0, 0, 35.179554, 129.075642, 'V4', '2025-08-21 10:15:00', '2025-08-21 10:15:00'),
    (5, 3, 3, 3, 'Green Slab', 'Moss Squad', 4, 0, 0, 0, 37.566535, 126.977969, 'V0', '2025-08-21 10:20:00', '2025-08-21 10:20:00'),
    (6, 3, 3, 3, 'Moss Traverse', 'Moss Squad', 9, 0, 0, 0, 37.566535, 126.977969, 'V3', '2025-08-21 10:25:00', '2025-08-21 10:25:00'),
    (7, 3, 3, 3, 'Damp Pocket', 'Moss Squad', 1, 0, 0, 0, 37.566535, 126.977969, 'V5', '2025-08-21 10:30:00', '2025-08-21 10:30:00'),
    (8, 4, 4, 1, 'Eagle''s Flight', 'Eagle Crew', 6, 0, 0, 0, 36.350411, 127.384547, 'V6', '2025-08-21 10:35:00', '2025-08-21 10:35:00'),
    (9, 4, 4, 1, 'Perch Traverse', 'Eagle Crew', 3, 0, 0, 0, 36.350411, 127.384547, 'V2', '2025-08-21 10:40:00', '2025-08-21 10:40:00'),
    (10, 4, 4, 1, 'Sky Crack', 'Eagle Crew', 10, 0, 0, 0, 36.350411, 127.384547, 'V8', '2025-08-21 10:45:00', '2025-08-21 10:45:00'),
    (11, 5, 5, 2, 'Stone Whisper', 'Whisper Crew', 2, 0, 0, 0, 35.872218, 128.602528, 'V1', '2025-08-21 10:50:00', '2025-08-21 10:50:00'),
    (12, 5, 5, 2, 'Wind Song', 'Whisper Crew', 5, 0, 0, 0, 35.872218, 128.602528, 'V3', '2025-08-21 10:55:00', '2025-08-21 10:55:00'),
    (13, 6, 6, 3, 'Red Wall', 'Red Cliff Crew', 12, 0, 0, 0, 35.159545, 126.852601, 'V7', '2025-08-21 11:00:00', '2025-08-21 11:00:00'),
    (14, 6, 6, 3, 'Cliff Edge', 'Red Cliff Crew', 8, 0, 0, 0, 35.159545, 126.852601, 'V5', '2025-08-21 11:05:00', '2025-08-21 11:05:00'),
    (15, 6, 6, 3, 'Blood Crack', 'Red Cliff Crew', 4, 0, 0, 0, 35.159545, 126.852601, 'V9', '2025-08-21 11:10:00', '2025-08-21 11:10:00'),
    (16, 7, 7, 1, 'Twin Arete', 'Twin Crew', 7, 0, 0, 0, 36.487224, 127.289098, 'V4', '2025-08-21 11:15:00', '2025-08-21 11:15:00'),
    (17, 7, 7, 1, 'Double Slab', 'Twin Crew', 2, 0, 0, 0, 36.487224, 127.289098, 'V0', '2025-08-21 11:20:00', '2025-08-21 11:20:00'),
    (18, 8, 8, 2, 'Hidden Crack', 'Hollow Crew', 1, 0, 0, 0, 35.907757, 127.766922, 'V2', '2025-08-21 11:25:00', '2025-08-21 11:25:00'),
    (19, 8, 8, 2, 'Hollow Roof', 'Hollow Crew', 4, 0, 0, 0, 35.907757, 127.766922, 'V6', '2025-08-21 11:30:00', '2025-08-21 11:30:00'),
    (20, 8, 8, 2, 'Quiet Traverse', 'Hollow Crew', 3, 0, 0, 0, 35.907757, 127.766922, 'V1', '2025-08-21 11:35:00', '2025-08-21 11:35:00'),
    (21, 2, 2, 2, 'Shadow Wall', 'Shadow Crew', 6, 0, 0, 0, 35.179554, 129.075642, 'V10', '2025-08-21 11:40:00', '2025-08-21 11:40:00'),
    (22, 5, 5, 2, 'Echo Corner', 'Whisper Crew', 2, 0, 0, 0, 35.872218, 128.602528, 'V2', '2025-08-21 11:45:00', '2025-08-21 11:45:00');

INSERT INTO comments (id, user_id, domain_id, comment_domain_type, content, created_at, updated_at) VALUES
    (1, 1, 1, 'BOARD_POST', '첫 번째 게시글의 첫 댓글입니다.', '2025-08-20 10:01:12', '2025-08-20 10:01:12'),
    (2, 1, 2, 'BOARD_POST', '좋은 글 잘 읽었습니다.', '2025-08-20 10:02:45', '2025-08-20 10:02:45'),
    (3, 1, 2, 'BOARD_POST', '동의합니다!', '2025-08-20 10:03:27', '2025-08-20 10:03:27'),
    (4, 1, 3, 'BOARD_POST', '두 번째 게시글의 첫 댓글', '2025-08-20 10:03:27', '2025-08-20 10:03:27'),
    (5, 1, 3, 'BOARD_POST', '추가 의견 남깁니다.', '2025-08-20 10:06:49', '2025-08-20 10:06:49'),
    (6, 1, 3, 'BOARD_POST', '게시글 내용이 유익하네요.', '2025-08-20 10:08:15', '2025-08-20 10:08:15'),
    (7, 1, 4, 'BOARD_POST', '궁금한 점이 있습니다.', '2025-08-20 10:09:52', '2025-08-20 10:09:52'),
    (8, 1, 4, 'BOARD_POST', '좋은 정보 감사합니다.', '2025-08-20 10:11:30', '2025-08-20 10:11:30'),
    (9, 1, 4, 'BOARD_POST', '정말 공감되는 내용입니다.', '2025-08-20 10:13:04', '2025-08-20 10:13:04'),
    (10, 1, 4, 'MATE_POST', '도움이 많이 되었어요.', '2025-08-20 10:14:42', '2025-08-20 10:14:42'),
    (11, 1, 5, 'MATE_POST', '혹시 출처가 있을까요?', '2025-08-20 10:16:18', '2025-08-20 10:16:18'),
    (12, 1, 5, 'MATE_POST', '깔끔한 정리 감사합니다.', '2025-08-20 10:18:01', '2025-08-20 10:18:01'),
    (13, 1, 5, 'MATE_POST', '관련해서 제 경험도 공유하고 싶네요.', '2025-08-20 10:20:20', '2025-08-20 10:20:20'),
    (14, 1, 5, 'MATE_POST', '좋은 시각 배워갑니다.', '2025-08-20 10:22:11', '2025-08-20 10:22:11'),
    (15, 1, 5, 'MATE_POST', '읽으면서 많은 생각이 들었습니다.', '2025-08-20 10:24:36', '2025-08-20 10:24:36'),
    (16, 1, 5, 'MATE_POST', '작성해주셔서 감사드려요!', '2025-08-20 10:26:50', '2025-08-20 10:26:50'),
    (17, 1, 6, 'MATE_POST', '더 자세히 알고 싶습니다.', '2025-08-20 10:29:07', '2025-08-20 10:29:07'),
    (18, 1, 7, 'MATE_POST', '다른 글도 기대하겠습니다.', '2025-08-20 10:31:42', '2025-08-20 10:31:42');

INSERT INTO users (nickname, phone, user_role,
                   user_sex,
                   user_level,
                   name,
                   email,
                   password,
                   created_at,
                   updated_at)
VALUES ('bouldertiger', -- nickname
        '010-1234-5678', -- phone
        'ROLE_USER', -- user_role (enum 문자열)
        'MAN', -- user_sex (enum 문자열)
        'V0', -- user_level (enum 문자열)
        '김볼더', -- name
        'boulder', -- email
        '$2a$10$gjpHFHBpCIAEWZWJieBMB.3kxL3J5/x.o2yWVBMRUD5vPBo8QjWLK',
        NOW(), -- created_at
        NOW() -- updated_at
       );

INSERT INTO sectors (id, sector_name, area_code)
VALUES
    (1, '을왕리', 'A-1'),
    (2, '을왕리', 'A-2'),
    (3, '을왕리', 'A-3');

INSERT INTO boulders (id, region_id, sector_id, name, description,
                      latitude, longitude, like_count, view_count, created_at, updated_at)
VALUES
    (1, 1, 1, 'Sunrise Crag', '해돋이 보기 좋은 바위, 초보자도 접근 용이',
     37.579617, 126.977041, 12, 0, '2025-08-15 07:15:32', '2025-08-15 07:15:32'),
    (2, 2, 2, 'Shadow Peak', '그림자가 길게 드리워지는 고독한 암석',
     35.179554, 129.075642, 5, 0, '2025-08-16 09:42:18', '2025-08-16 09:42:18'),
    (3, 3, 3, 'Mossy Boulder', '이끼로 덮인 습한 바위, 촉감이 부드러움',
     37.566535, 126.977969, 8, 0, '2025-08-17 14:27:05', '2025-08-17 14:27:05'),
    (4, 4, 1, 'Eagle''s Perch', '독수리가 날아오르는 전망 좋은 암석',
     36.350411, 127.384547, 20, 0, '2025-08-18 06:55:44', '2025-08-18 06:55:44'),
    (5, 5, 2, 'Whispering Stone', '바람 소리가 울리는 신비한 바위',
     35.872218, 128.602528, 2, 0, '2025-08-18 19:33:21', '2025-08-18 19:33:21'),
    (6, 6, 3, 'Red Cliff', '붉은 색을 띤 절벽형 바위, 사진 찍기 좋음',
     35.159545, 126.852601, 15, 0, '2025-08-19 10:08:59', '2025-08-19 10:08:59'),
    (7, 7, 1, 'Twin Rocks', '쌍둥이처럼 생긴 두 개의 바위가 붙어 있는 장소',
     36.487224, 127.289098, 7, 0, '2025-08-19 22:45:11', '2025-08-19 22:45:11'),
    (8, 8, 2, 'Hidden Hollow', '작은 계곡 안에 숨어있는 아늑한 바위',
     35.907757, 127.766922, 0, 0, '2025-08-20 08:17:46', '2025-08-20 08:17:46');

/* ----------------------------
   IMAGES: BOULDER (2장씩)
----------------------------- */
INSERT INTO images (original_filename, domain_id, image_domain_type, image_url, order_index)
VALUES
    -- Boulder 1
    ('default.png', 1, 'BOULDER', 'https://boulderside-bucket.s3.ap-northeast-2.amazonaws.com/default.png', 0),
    ('default.png', 1, 'BOULDER', 'https://boulderside-bucket.s3.ap-northeast-2.amazonaws.com/default.png', 1),
    -- Boulder 2
    ('default.png', 2, 'BOULDER', 'https://boulderside-bucket.s3.ap-northeast-2.amazonaws.com/default.png', 0),
    ('default.png', 2, 'BOULDER', 'https://boulderside-bucket.s3.ap-northeast-2.amazonaws.com/default.png', 1),
    -- Boulder 3
    ('default.png', 3, 'BOULDER', 'https://boulderside-bucket.s3.ap-northeast-2.amazonaws.com/default.png', 0),
    ('default.png', 3, 'BOULDER', 'https://boulderside-bucket.s3.ap-northeast-2.amazonaws.com/default.png', 1),
    -- Boulder 4
    ('default.png', 4, 'BOULDER', 'https://boulderside-bucket.s3.ap-northeast-2.amazonaws.com/default.png', 0),
    ('default.png', 4, 'BOULDER', 'https://boulderside-bucket.s3.ap-northeast-2.amazonaws.com/default.png', 1),
    -- Boulder 5
    ('default.png', 5, 'BOULDER', 'https://boulderside-bucket.s3.ap-northeast-2.amazonaws.com/default.png', 0),
    ('default.png', 5, 'BOULDER', 'https://boulderside-bucket.s3.ap-northeast-2.amazonaws.com/default.png', 1),
    -- Boulder 6
    ('default.png', 6, 'BOULDER', 'https://boulderside-bucket.s3.ap-northeast-2.amazonaws.com/default.png', 0),
    ('default.png', 6, 'BOULDER', 'https://boulderside-bucket.s3.ap-northeast-2.amazonaws.com/default.png', 1),
    -- Boulder 7
    ('default.png', 7, 'BOULDER', 'https://boulderside-bucket.s3.ap-northeast-2.amazonaws.com/default.png', 0),
    ('default.png', 7, 'BOULDER', 'https://boulderside-bucket.s3.ap-northeast-2.amazonaws.com/default.png', 1),
    -- Boulder 8
    ('default.png', 8, 'BOULDER', 'https://boulderside-bucket.s3.ap-northeast-2.amazonaws.com/default.png', 0),
    ('default.png', 8, 'BOULDER', 'https://boulderside-bucket.s3.ap-northeast-2.amazonaws.com/default.png', 1),
    -- Route 1
    ('default.png', 1, 'ROUTE', 'https://boulderside-bucket.s3.ap-northeast-2.amazonaws.com/default.png', 0),
    ('default.png', 1, 'ROUTE', 'https://boulderside-bucket.s3.ap-northeast-2.amazonaws.com/default.png', 1),
    -- Route 2
    ('default.png', 2, 'ROUTE', 'https://boulderside-bucket.s3.ap-northeast-2.amazonaws.com/default.png', 0),
    -- Route 3
    ('default.png', 3, 'ROUTE', 'https://boulderside-bucket.s3.ap-northeast-2.amazonaws.com/default.png', 0),
    ('default.png', 3, 'ROUTE', 'https://boulderside-bucket.s3.ap-northeast-2.amazonaws.com/default.png', 1),
    ('default.png', 3, 'ROUTE', 'https://boulderside-bucket.s3.ap-northeast-2.amazonaws.com/default.png', 2),
    -- Route 4
    ('default.png', 4, 'ROUTE', 'https://boulderside-bucket.s3.ap-northeast-2.amazonaws.com/default.png', 0),
    ('default.png', 4, 'ROUTE', 'https://boulderside-bucket.s3.ap-northeast-2.amazonaws.com/default.png', 1),
    -- Route 5
    ('default.png', 5, 'ROUTE', 'https://boulderside-bucket.s3.ap-northeast-2.amazonaws.com/default.png', 0),
    -- Route 6
    ('default.png', 6, 'ROUTE', 'https://boulderside-bucket.s3.ap-northeast-2.amazonaws.com/default.png', 0),
    ('default.png', 6, 'ROUTE', 'https://boulderside-bucket.s3.ap-northeast-2.amazonaws.com/default.png', 1),
    ('default.png', 6, 'ROUTE', 'https://boulderside-bucket.s3.ap-northeast-2.amazonaws.com/default.png', 2),
    ('default.png', 6, 'ROUTE', 'https://boulderside-bucket.s3.ap-northeast-2.amazonaws.com/default.png', 3),
    -- Route 7
    ('default.png', 7, 'ROUTE', 'https://boulderside-bucket.s3.ap-northeast-2.amazonaws.com/default.png', 0),
    -- Route 8
    ('default.png', 8, 'ROUTE', 'https://boulderside-bucket.s3.ap-northeast-2.amazonaws.com/default.png', 0),
    ('default.png', 8, 'ROUTE', 'https://boulderside-bucket.s3.ap-northeast-2.amazonaws.com/default.png', 1),
    ('default.png', 8, 'ROUTE', 'https://boulderside-bucket.s3.ap-northeast-2.amazonaws.com/default.png', 2),
    ('default.png', 8, 'ROUTE', 'https://boulderside-bucket.s3.ap-northeast-2.amazonaws.com/default.png', 3),
    ('default.png', 8, 'ROUTE', 'https://boulderside-bucket.s3.ap-northeast-2.amazonaws.com/default.png', 4),
    -- Route 9
    ('default.png', 9, 'ROUTE', 'https://boulderside-bucket.s3.ap-northeast-2.amazonaws.com/default.png', 0),
    ('default.png', 9, 'ROUTE', 'https://boulderside-bucket.s3.ap-northeast-2.amazonaws.com/default.png', 1),
    -- Route 10
    ('default.png', 10, 'ROUTE', 'https://boulderside-bucket.s3.ap-northeast-2.amazonaws.com/default.png', 0),
    -- Route 11
    ('default.png', 11, 'ROUTE', 'https://boulderside-bucket.s3.ap-northeast-2.amazonaws.com/default.png', 0),
    ('default.png', 11, 'ROUTE', 'https://boulderside-bucket.s3.ap-northeast-2.amazonaws.com/default.png', 1),
    ('default.png', 11, 'ROUTE', 'https://boulderside-bucket.s3.ap-northeast-2.amazonaws.com/default.png', 2),
    -- Route 12
    ('default.png', 12, 'ROUTE', 'https://boulderside-bucket.s3.ap-northeast-2.amazonaws.com/default.png', 0),
    ('default.png', 12, 'ROUTE', 'https://boulderside-bucket.s3.ap-northeast-2.amazonaws.com/default.png', 1),
    -- Route 13
    ('default.png', 13, 'ROUTE', 'https://boulderside-bucket.s3.ap-northeast-2.amazonaws.com/default.png', 0),
    ('default.png', 13, 'ROUTE', 'https://boulderside-bucket.s3.ap-northeast-2.amazonaws.com/default.png', 1),
    ('default.png', 13, 'ROUTE', 'https://boulderside-bucket.s3.ap-northeast-2.amazonaws.com/default.png', 2),
    ('default.png', 13, 'ROUTE', 'https://boulderside-bucket.s3.ap-northeast-2.amazonaws.com/default.png', 3),
    -- Route 14
    ('default.png', 14, 'ROUTE', 'https://boulderside-bucket.s3.ap-northeast-2.amazonaws.com/default.png', 0),
    -- Route 15
    ('default.png', 15, 'ROUTE', 'https://boulderside-bucket.s3.ap-northeast-2.amazonaws.com/default.png', 0),
    ('default.png', 15, 'ROUTE', 'https://boulderside-bucket.s3.ap-northeast-2.amazonaws.com/default.png', 1),
    -- Route 16
    ('default.png', 16, 'ROUTE', 'https://boulderside-bucket.s3.ap-northeast-2.amazonaws.com/default.png', 0),
    ('default.png', 16, 'ROUTE', 'https://boulderside-bucket.s3.ap-northeast-2.amazonaws.com/default.png', 1),
    ('default.png', 16, 'ROUTE', 'https://boulderside-bucket.s3.ap-northeast-2.amazonaws.com/default.png', 2),
    -- Route 17
    ('default.png', 17, 'ROUTE', 'https://boulderside-bucket.s3.ap-northeast-2.amazonaws.com/default.png', 0),
    -- Route 18
    ('default.png', 18, 'ROUTE', 'https://boulderside-bucket.s3.ap-northeast-2.amazonaws.com/default.png', 0),
    ('default.png', 18, 'ROUTE', 'https://boulderside-bucket.s3.ap-northeast-2.amazonaws.com/default.png', 1),
    -- Route 19
    ('default.png', 19, 'ROUTE', 'https://boulderside-bucket.s3.ap-northeast-2.amazonaws.com/default.png', 0),
    -- Route 20
    ('default.png', 20, 'ROUTE', 'https://boulderside-bucket.s3.ap-northeast-2.amazonaws.com/default.png', 0),
    ('default.png', 20, 'ROUTE', 'https://boulderside-bucket.s3.ap-northeast-2.amazonaws.com/default.png', 1),
    -- Route 21
    ('default.png', 21, 'ROUTE', 'https://boulderside-bucket.s3.ap-northeast-2.amazonaws.com/default.png', 0),
    ('default.png', 21, 'ROUTE', 'https://boulderside-bucket.s3.ap-northeast-2.amazonaws.com/default.png', 1),
    ('default.png', 21, 'ROUTE', 'https://boulderside-bucket.s3.ap-northeast-2.amazonaws.com/default.png', 2),
    -- Route 22
    ('default.png', 22, 'ROUTE', 'https://boulderside-bucket.s3.ap-northeast-2.amazonaws.com/default.png', 0);

/* ----------------------------
   IMAGES: POINT (각 1장씩)
   points.id = 1..43 기준
----------------------------- */
INSERT INTO images (original_filename, domain_id, image_domain_type, image_url, order_index)
VALUES
    ('default.png', 1,  'POINT', 'https://boulderside-bucket.s3.ap-northeast-2.amazonaws.com/default.png', 0),
    ('default.png', 1,  'POINT', 'https://boulderside-bucket.s3.ap-northeast-2.amazonaws.com/default.png', 1),
    ('default.png', 1,  'POINT', 'https://boulderside-bucket.s3.ap-northeast-2.amazonaws.com/default.png', 2),
    ('default.png', 4,  'POINT', 'https://boulderside-bucket.s3.ap-northeast-2.amazonaws.com/default.png', 0),
    ('default.png', 5,  'POINT', 'https://boulderside-bucket.s3.ap-northeast-2.amazonaws.com/default.png', 0),
    ('default.png', 6,  'POINT', 'https://boulderside-bucket.s3.ap-northeast-2.amazonaws.com/default.png', 0),
    ('default.png', 7,  'POINT', 'https://boulderside-bucket.s3.ap-northeast-2.amazonaws.com/default.png', 0),
    ('default.png', 8,  'POINT', 'https://boulderside-bucket.s3.ap-northeast-2.amazonaws.com/default.png', 0),
    ('default.png', 9,  'POINT', 'https://boulderside-bucket.s3.ap-northeast-2.amazonaws.com/default.png', 0),
    ('default.png', 10, 'POINT', 'https://boulderside-bucket.s3.ap-northeast-2.amazonaws.com/default.png', 0),
    ('default.png', 11, 'POINT', 'https://boulderside-bucket.s3.ap-northeast-2.amazonaws.com/default.png', 0),
    ('default.png', 12, 'POINT', 'https://boulderside-bucket.s3.ap-northeast-2.amazonaws.com/default.png', 0),
    ('default.png', 13, 'POINT', 'https://boulderside-bucket.s3.ap-northeast-2.amazonaws.com/default.png', 0),
    ('default.png', 14, 'POINT', 'https://boulderside-bucket.s3.ap-northeast-2.amazonaws.com/default.png', 0),
    ('default.png', 15, 'POINT', 'https://boulderside-bucket.s3.ap-northeast-2.amazonaws.com/default.png', 0),
    ('default.png', 16, 'POINT', 'https://boulderside-bucket.s3.ap-northeast-2.amazonaws.com/default.png', 0),
    ('default.png', 17, 'POINT', 'https://boulderside-bucket.s3.ap-northeast-2.amazonaws.com/default.png', 0),
    ('default.png', 18, 'POINT', 'https://boulderside-bucket.s3.ap-northeast-2.amazonaws.com/default.png', 0),
    ('default.png', 19, 'POINT', 'https://boulderside-bucket.s3.ap-northeast-2.amazonaws.com/default.png', 0),
    ('default.png', 20, 'POINT', 'https://boulderside-bucket.s3.ap-northeast-2.amazonaws.com/default.png', 0),
    ('default.png', 21, 'POINT', 'https://boulderside-bucket.s3.ap-northeast-2.amazonaws.com/default.png', 0),
    ('default.png', 22, 'POINT', 'https://boulderside-bucket.s3.ap-northeast-2.amazonaws.com/default.png', 0),
    ('default.png', 23, 'POINT', 'https://boulderside-bucket.s3.ap-northeast-2.amazonaws.com/default.png', 0),
    ('default.png', 24, 'POINT', 'https://boulderside-bucket.s3.ap-northeast-2.amazonaws.com/default.png', 0),
    ('default.png', 25, 'POINT', 'https://boulderside-bucket.s3.ap-northeast-2.amazonaws.com/default.png', 0),
    ('default.png', 26, 'POINT', 'https://boulderside-bucket.s3.ap-northeast-2.amazonaws.com/default.png', 0),
    ('default.png', 27, 'POINT', 'https://boulderside-bucket.s3.ap-northeast-2.amazonaws.com/default.png', 0),
    ('default.png', 28, 'POINT', 'https://boulderside-bucket.s3.ap-northeast-2.amazonaws.com/default.png', 0),
    ('default.png', 29, 'POINT', 'https://boulderside-bucket.s3.ap-northeast-2.amazonaws.com/default.png', 0),
    ('default.png', 30, 'POINT', 'https://boulderside-bucket.s3.ap-northeast-2.amazonaws.com/default.png', 0),
    ('default.png', 31, 'POINT', 'https://boulderside-bucket.s3.ap-northeast-2.amazonaws.com/default.png', 0),
    ('default.png', 32, 'POINT', 'https://boulderside-bucket.s3.ap-northeast-2.amazonaws.com/default.png', 0),
    ('default.png', 33, 'POINT', 'https://boulderside-bucket.s3.ap-northeast-2.amazonaws.com/default.png', 0),
    ('default.png', 34, 'POINT', 'https://boulderside-bucket.s3.ap-northeast-2.amazonaws.com/default.png', 0),
    ('default.png', 35, 'POINT', 'https://boulderside-bucket.s3.ap-northeast-2.amazonaws.com/default.png', 0),
    ('default.png', 36, 'POINT', 'https://boulderside-bucket.s3.ap-northeast-2.amazonaws.com/default.png', 0),
    ('default.png', 37, 'POINT', 'https://boulderside-bucket.s3.ap-northeast-2.amazonaws.com/default.png', 0),
    ('default.png', 38, 'POINT', 'https://boulderside-bucket.s3.ap-northeast-2.amazonaws.com/default.png', 0),
    ('default.png', 39, 'POINT', 'https://boulderside-bucket.s3.ap-northeast-2.amazonaws.com/default.png', 0),
    ('default.png', 40, 'POINT', 'https://boulderside-bucket.s3.ap-northeast-2.amazonaws.com/default.png', 0),
    ('default.png', 41, 'POINT', 'https://boulderside-bucket.s3.ap-northeast-2.amazonaws.com/default.png', 0),
    ('default.png', 42, 'POINT', 'https://boulderside-bucket.s3.ap-northeast-2.amazonaws.com/default.png', 0),

('default.png', 2, 'POINT', 'https://boulderside-bucket.s3.ap-northeast-2.amazonaws.com/default.png', 0),
    ('default.png', 2, 'POINT', 'https://boulderside-bucket.s3.ap-northeast-2.amazonaws.com/default.png', 1),
    ('default.png', 3, 'POINT', 'https://boulderside-bucket.s3.ap-northeast-2.amazonaws.com/default.png', 0),
    ('default.png', 3, 'POINT', 'https://boulderside-bucket.s3.ap-northeast-2.amazonaws.com/default.png', 1),
    ('default.png', 3, 'POINT', 'https://boulderside-bucket.s3.ap-northeast-2.amazonaws.com/default.png', 2);

INSERT INTO regions (official_district_code, province, city, region_code)
VALUES ('1100000000', '서울특별시', NULL, '11B10101'),
       ('1111000000', '서울특별시', '종로구', '11B10101'),
       ('1114000000', '서울특별시', '중구', '11B10101'),
       ('1117000000', '서울특별시', '용산구', '11B10101'),
       ('1120000000', '서울특별시', '성동구', '11B10101'),
       ('1121500000', '서울특별시', '광진구', '11B10101'),
       ('1123000000', '서울특별시', '동대문구', '11B10101'),
       ('1126000000', '서울특별시', '중랑구', '11B10101'),
       ('1129000000', '서울특별시', '성북구', '11B10101'),
       ('1130500000', '서울특별시', '강북구', '11B10101'),
       ('1132000000', '서울특별시', '도봉구', '11B10101'),
       ('1135000000', '서울특별시', '노원구', '11B10101'),
       ('1138000000', '서울특별시', '은평구', '11B10101'),
       ('1141000000', '서울특별시', '서대문구', '11B10101'),
       ('1144000000', '서울특별시', '마포구', '11B10101'),
       ('1147000000', '서울특별시', '양천구', '11B10101'),
       ('1150000000', '서울특별시', '강서구', '11B10101'),
       ('1153000000', '서울특별시', '구로구', '11B10101'),
       ('1154500000', '서울특별시', '금천구', '11B10101'),
       ('1156000000', '서울특별시', '영등포구', '11B10101'),
       ('1159000000', '서울특별시', '동작구', '11B10101'),
       ('1162000000', '서울특별시', '관악구', '11B10101'),
       ('1165000000', '서울특별시', '서초구', '11B10101'),
       ('1168000000', '서울특별시', '강남구', '11B10101'),
       ('1171000000', '서울특별시', '송파구', '11B10101'),
       ('1174000000', '서울특별시', '강동구', '11B10101'),
       ('2600000000', '부산광역시', NULL, '11H20201'),
       ('2611000000', '부산광역시', '중구', '11H20201'),
       ('2614000000', '부산광역시', '서구', '11H20201'),
       ('2617000000', '부산광역시', '동구', '11H20201'),
       ('2620000000', '부산광역시', '영도구', '11H20201'),
       ('2623000000', '부산광역시', '부산진구', '11H20201'),
       ('2626000000', '부산광역시', '동래구', '11H20201'),
       ('2629000000', '부산광역시', '남구', '11H20201'),
       ('2632000000', '부산광역시', '북구', '11H20201'),
       ('2635000000', '부산광역시', '해운대구', '11H10701'),
       ('2638000000', '부산광역시', '사하구', '11H20201'),
       ('2641000000', '부산광역시', '금정구', '11H20201'),
       ('2644000000', '부산광역시', '강서구', '11H20201'),
       ('2647000000', '부산광역시', '연제구', '11H20201'),
       ('2650000000', '부산광역시', '수영구', '11H20201'),
       ('2653000000', '부산광역시', '사상구', '11H20201'),
       ('2671000000', '부산광역시', '기장군', '11H20201'),
       ('2700000000', '대구광역시', NULL, '11H10701'),
       ('2711000000', '대구광역시', '중구', '11H10701'),
       ('2714000000', '대구광역시', '동구', '11H10701'),
       ('2717000000', '대구광역시', '서구', '11H10701'),
       ('2720000000', '대구광역시', '남구', '11H10701'),
       ('2723000000', '대구광역시', '북구', '11H10701'),
       ('2726000000', '대구광역시', '수성구', '11H10701'),
       ('2729000000', '대구광역시', '달서구', '11H10701'),
       ('2771000000', '대구광역시', '달성군', '11H10701'),
       ('2772000000', '대구광역시', '군위군', '11H10707'),
       ('2800000000', '인천광역시', NULL, '11B20201'),
       ('2811000000', '인천광역시', '중구', '11B20201'),
       ('2814000000', '인천광역시', '동구', '11B20201'),
       ('2817700000', '인천광역시', '미추홀구', '11B20201'),
       ('2818500000', '인천광역시', '연수구', '11B20201'),
       ('2820000000', '인천광역시', '남동구', '11B20201'),
       ('2823700000', '인천광역시', '부평구', '11B20201'),
       ('2824500000', '인천광역시', '계양구', '11B20201'),
       ('2826000000', '인천광역시', '서구', '11B20201'),
       ('2871000000', '인천광역시', '강화군', '11B20101'),
       ('2872000000', '인천광역시', '옹진군', '11B20201'),
       ('2900000000', '광주광역시', NULL, '11F20501'),
       ('2911000000', '광주광역시', '동구', '11F20501'),
       ('2914000000', '광주광역시', '서구', '11F20501'),
       ('2915500000', '광주광역시', '남구', '11F20501'),
       ('2917000000', '광주광역시', '북구', '11F20501'),
       ('2920000000', '광주광역시', '광산구', '11F20501'),
       ('3000000000', '대전광역시', NULL, '11C20401'),
       ('3011000000', '대전광역시', '동구', '11C20401'),
       ('3014000000', '대전광역시', '중구', '11C20401'),
       ('3017000000', '대전광역시', '서구', '11C20401'),
       ('3020000000', '대전광역시', '유성구', '11C20401'),
       ('3023000000', '대전광역시', '대덕구', '11C20401'),
       ('3100000000', '울산광역시', NULL, '11H20101'),
       ('3111000000', '울산광역시', '중구', '11H20101'),
       ('3114000000', '울산광역시', '남구', '11H20101'),
       ('3117000000', '울산광역시', '동구', '11H20101'),
       ('3120000000', '울산광역시', '북구', '11H20101'),
       ('3171000000', '울산광역시', '울주군', '11H20101'),
       ('3611000000', '세종특별자치시', NULL, '11C20404'),
       ('3611010100', '세종특별자치시', '반곡동', '11C20404'),
       ('3611010200', '세종특별자치시', '소담동', '11C20404'),
       ('3611010300', '세종특별자치시', '보람동', '11C20404'),
       ('3611010400', '세종특별자치시', '대평동', '11C20404'),
       ('3611010500', '세종특별자치시', '가람동', '11C20404'),
       ('3611010600', '세종특별자치시', '한솔동', '11C20404'),
       ('3611010700', '세종특별자치시', '나성동', '11C20404'),
       ('3611010800', '세종특별자치시', '새롬동', '11C20404'),
       ('3611010900', '세종특별자치시', '다정동', '11C20404'),
       ('3611011000', '세종특별자치시', '어진동', '11C20404'),
       ('3611011100', '세종특별자치시', '종촌동', '11C20404'),
       ('3611011200', '세종특별자치시', '고운동', '11C20404'),
       ('3611011300', '세종특별자치시', '아름동', '11C20404'),
       ('3611011400', '세종특별자치시', '도담동', '11C20404'),
       ('3611011500', '세종특별자치시', '산울동', '11C20404'),
       ('3611011600', '세종특별자치시', '해밀동', '11C20404'),
       ('3611011700', '세종특별자치시', '합강동', '11C20404'),
       ('3611011800', '세종특별자치시', '집현동', '11C20404'),
       ('3611011900', '세종특별자치시', '세종동', '11C20404'),
       ('3611012000', '세종특별자치시', '누리동', '11C20404'),
       ('3611012100', '세종특별자치시', '한별동', '11C20404'),
       ('3611012200', '세종특별자치시', '다솜동', '11C20404'),
       ('3611012300', '세종특별자치시', '용호동', '11C20404'),
       ('3611025000', '세종특별자치시', '조치원읍', '11C20404'),
       ('3611031000', '세종특별자치시', '연기면', '11C20404'),
       ('3611032000', '세종특별자치시', '연동면', '11C20404'),
       ('3611033000', '세종특별자치시', '부강면', '11C20404'),
       ('3611034000', '세종특별자치시', '금남면', '11C20404'),
       ('3611035000', '세종특별자치시', '장군면', '11C20404'),
       ('3611036000', '세종특별자치시', '연서면', '11C20404'),
       ('3611037000', '세종특별자치시', '전의면', '11C20404'),
       ('3611038000', '세종특별자치시', '전동면', '11C20404'),
       ('3611039000', '세종특별자치시', '소정면', '11C20404'),
       ('4100000000', '경기도', NULL, '11BD0000'),
       ('4111000000', '경기도', '수원시', '11B20601'),
       ('4113000000', '경기도', '성남시', '11B20605'),
       ('4115000000', '경기도', '의정부시', '11B20301'),
       ('4117000000', '경기도', '안양시', '11B20602'),
       ('4119000000', '경기도', '부천시', '11B20204'),
       ('4121000000', '경기도', '광명시', '11B10103'),
       ('4122000000', '경기도', '평택시', '11B20606'),
       ('4125000000', '경기도', '동두천시', '11B20401'),
       ('4127000000', '경기도', '안산시', '11B20203'),
       ('4128000000', '경기도', '고양시', '11B20302'),
       ('4129000000', '경기도', '과천시', '11B10102'),
       ('4131000000', '경기도', '구리시', '11B20501'),
       ('4136000000', '경기도', '남양주시', '11B20502'),
       ('4137000000', '경기도', '오산시', '11B20603'),
       ('4139000000', '경기도', '시흥시', '11B20202'),
       ('4141000000', '경기도', '군포시', '11B20610'),
       ('4143000000', '경기도', '의왕시', '11B20609'),
       ('4145000000', '경기도', '하남시', '11B20504'),
       ('4146000000', '경기도', '용인시', '11B20612'),
       ('4148000000', '경기도', '파주시', '11B20305'),
       ('4150000000', '경기도', '이천시', '11B20701'),
       ('4155000000', '경기도', '안성시', '11B20611'),
       ('4157000000', '경기도', '김포시', '11B20102'),
       ('4159000000', '경기도', '화성시', '11B20604'),
       ('4161000000', '경기도', '광주시', '11B20702'),
       ('4163000000', '경기도', '양주시', '11B20304'),
       ('4165000000', '경기도', '포천시', '11B20403'),
       ('4167000000', '경기도', '여주시', '11B20703'),
       ('4180000000', '경기도', '연천군', '11B20402'),
       ('4182000000', '경기도', '가평군', '11B20404'),
       ('4183000000', '경기도', '양평군', '11B20503'),
       ('4300000000', '충청북도', NULL, '11C10000'),
       ('4311000000', '충청북도', '청주시', '11C10301'),
       ('4313000000', '충청북도', '충주시', '11C10101'),
       ('4315000000', '충청북도', '제천시', '11C10201'),
       ('4372000000', '충청북도', '보은군', '11C10302'),
       ('4373000000', '충청북도', '옥천군', '11C10403'),
       ('4374000000', '충청북도', '영동군', '11C10402'),
       ('4374500000', '충청북도', '증평군', '11C10304'),
       ('4375000000', '충청북도', '진천군', '11C10102'),
       ('4376000000', '충청북도', '괴산군', '11C10303'),
       ('4377000000', '충청북도', '음성군', '11C10103'),
       ('4380000000', '충청북도', '단양군', '11C10202'),
       ('4400000000', '충청남도', NULL, '11C20000'),
       ('4413000000', '충청남도', '천안시', '11C20301'),
       ('4415000000', '충청남도', '공주시', '11C20402'),
       ('4418000000', '충청남도', '보령시', '11C20201'),
       ('4420000000', '충청남도', '아산시', '11C20302'),
       ('4421000000', '충청남도', '서산시', '11C20101'),
       ('4423000000', '충청남도', '논산시', '11C20602'),
       ('4425000000', '충청남도', '계룡시', '11C20403'),
       ('4427000000', '충청남도', '당진시', '11C20103'),
       ('4471000000', '충청남도', '금산군', '11C20601'),
       ('4476000000', '충청남도', '부여군', '11C20501'),
       ('4477000000', '충청남도', '서천군', '11C20202'),
       ('4479000000', '충청남도', '청양군', '11C20502'),
       ('4480000000', '충청남도', '홍성군', '11C20104'),
       ('4481000000', '충청남도', '예산군', '11C20303'),
       ('4482500000', '충청남도', '태안군', '11C20102'),
       ('4600000000', '전라남도', NULL, '11F20000'),
       ('4611000000', '전라남도', '목포시', '21F20801'),
       ('4613000000', '전라남도', '여수시', '11F20401'),
       ('4615000000', '전라남도', '순천시', '11F20603'),
       ('4617000000', '전라남도', '나주시', '11F20503'),
       ('4623000000', '전라남도', '광양시', '11F20402'),
       ('4671000000', '전라남도', '담양군', '11F20504'),
       ('4672000000', '전라남도', '곡성군', '11F20602'),
       ('4673000000', '전라남도', '구례군', '11F20601'),
       ('4677000000', '전라남도', '고흥군', '11F20403'),
       ('4678000000', '전라남도', '보성군', '11F20404'),
       ('4679000000', '전라남도', '화순군', '11F20505'),
       ('4680000000', '전라남도', '장흥군', '11F20304'),
       ('4681000000', '전라남도', '강진군', '11F20303'),
       ('4682000000', '전라남도', '해남군', '11F20302'),
       ('4683000000', '전라남도', '영암군', '21F20802'),
       ('4684000000', '전라남도', '무안군', '21F20804'),
       ('4686000000', '전라남도', '함평군', '21F20101'),
       ('4687000000', '전라남도', '영광군', '21F20102'),
       ('4688000000', '전라남도', '장성군', '11F20502'),
       ('4689000000', '전라남도', '완도군', '11F20301'),
       ('4690000000', '전라남도', '진도군', '21F20201'),
       ('4691000000', '전라남도', '신안군', '21F20803'),
       ('4700000000', '경상북도', NULL, '11H10000'),
       ('4711000000', '경상북도', '포항시', '11H10201'),
       ('4713000000', '경상북도', '경주시', '11H10202'),
       ('4715000000', '경상북도', '김천시', '11H10601'),
       ('4717000000', '경상북도', '안동시', '11H10501'),
       ('4719000000', '경상북도', '구미시', '11H10602'),
       ('4721000000', '경상북도', '영주시', '11H10401'),
       ('4723000000', '경상북도', '영천시', '11H10702'),
       ('4725000000', '경상북도', '상주시', '11H10302'),
       ('4728000000', '경상북도', '문경시', '11H10301'),
       ('4729000000', '경상북도', '경산시', '11H10703'),
       ('4773000000', '경상북도', '의성군', '11H10502'),
       ('4775000000', '경상북도', '청송군', '11H10503'),
       ('4776000000', '경상북도', '영양군', '11H10403'),
       ('4777000000', '경상북도', '영덕군', '11H10102'),
       ('4782000000', '경상북도', '청도군', '11H10704'),
       ('4783000000', '경상북도', '고령군', '11H10604'),
       ('4784000000', '경상북도', '성주군', '11H10605'),
       ('4785000000', '경상북도', '칠곡군', '11H10705'),
       ('4790000000', '경상북도', '예천군', '11H10303'),
       ('4792000000', '경상북도', '봉화군', '11H10402'),
       ('4793000000', '경상북도', '울진군', '11H10101'),
       ('4794000000', '경상북도', '울릉군', '11E00101'),
       ('4800000000', '경상남도', NULL, '11H20000'),
       ('4812000000', '경상남도', '창원시', '11H20301'),
       ('4817000000', '경상남도', '진주시', '11H20701'),
       ('4822000000', '경상남도', '통영시', '11H20401'),
       ('4824000000', '경상남도', '사천시', '11H20402'),
       ('4825000000', '경상남도', '김해시', '11H20304'),
       ('4827000000', '경상남도', '밀양시', '11H20601'),
       ('4831000000', '경상남도', '거제시', '11H20403'),
       ('4833000000', '경상남도', '양산시', '11H20102'),
       ('4872000000', '경상남도', '의령군', '11H20602'),
       ('4873000000', '경상남도', '함안군', '11H20603'),
       ('4874000000', '경상남도', '창녕군', '11H20604'),
       ('4882000000', '경상남도', '고성군', '11D20402'),
       ('4884000000', '경상남도', '남해군', '11H20405'),
       ('4885000000', '경상남도', '하동군', '11H20704'),
       ('4886000000', '경상남도', '산청군', '11H20703'),
       ('4887000000', '경상남도', '함양군', '11H20501'),
       ('4888000000', '경상남도', '거창군', '11H20502'),
       ('4889000000', '경상남도', '합천군', '11H20503'),
       ('5000000000', '제주특별자치도', NULL, '11G00000'),
       ('5011000000', '제주특별자치도', '제주시', '11G00201'),
       ('5013000000', '제주특별자치도', '서귀포시', '11G00401'),
       ('5100000000', '강원특별자치도', NULL, '11D20000'),
       ('5111000000', '강원특별자치도', '춘천시', '11D10301'),
       ('5113000000', '강원특별자치도', '원주시', '11D10401'),
       ('5115000000', '강원특별자치도', '강릉시', '11D20501'),
       ('5117000000', '강원특별자치도', '동해시', '11D20601'),
       ('5119000000', '강원특별자치도', '태백시', '11D20301'),
       ('5121000000', '강원특별자치도', '속초시', '11D20401'),
       ('5123000000', '강원특별자치도', '삼척시', '11D20602'),
       ('5172000000', '강원특별자치도', '홍천군', '11D10302'),
       ('5173000000', '강원특별자치도', '횡성군', '11D10402'),
       ('5175000000', '강원특별자치도', '영월군', '11D10501'),
       ('5176000000', '강원특별자치도', '평창군', '11D10503'),
       ('5177000000', '강원특별자치도', '정선군', '11D10502'),
       ('5178000000', '강원특별자치도', '철원군', '11D10101'),
       ('5179000000', '강원특별자치도', '화천군', '11D10102'),
       ('5180000000', '강원특별자치도', '양구군', '11D10202'),
       ('5181000000', '강원특별자치도', '인제군', '11D10201'),
       ('5182000000', '강원특별자치도', '고성군', '11D20402'),
       ('5183000000', '강원특별자치도', '양양군', '11D20403'),
       ('5200000000', '전북특별자치도', NULL, '11F00000'),
       ('5211000000', '전북특별자치도', '전주시', '11F10201'),
       ('5213000000', '전북특별자치도', '군산시', '21F10501'),
       ('5214000000', '전북특별자치도', '익산시', '11F10202'),
       ('5218000000', '전북특별자치도', '정읍시', '11F10203'),
       ('5219000000', '전북특별자치도', '남원시', '11F10401'),
       ('5221000000', '전북특별자치도', '김제시', '21F10502'),
       ('5271000000', '전북특별자치도', '완주군', '11F10204'),
       ('5272000000', '전북특별자치도', '진안군', '11F10303'),
       ('5273000000', '전북특별자치도', '무주군', '11F10302'),
       ('5274000000', '전북특별자치도', '장수군', '11F10301'),
       ('5275000000', '전북특별자치도', '임실군', '11F10402'),
       ('5277000000', '전북특별자치도', '순창군', '11F10403'),
       ('5279000000', '전북특별자치도', '고창군', '21F10601'),
       ('5280000000', '전북특별자치도', '부안군', '21F10602');

--  외래 키 제약 다시 활성화
SET FOREIGN_KEY_CHECKS = 1;
