-- ▶ 0. 외래 키 제약 잠시 비활성화
SET FOREIGN_KEY_CHECKS = 0;

-- user table 초기화
TRUNCATE TABLE users;

-- boulders table 초기화
TRUNCATE TABLE boulders;

-- regions table 초기화
TRUNCATE TABLE regions;

TRUNCATE TABLE images;

TRUNCATE TABLE posts;

TRUNCATE TABLE comments;

TRUNCATE TABLE routes;

INSERT INTO routes (id, boulder_id, name, like_count, view_count, climber_count, comment_count, route_level, created_at, updated_at)
VALUES
    (1, 1, 'Beginner''s Edge', 3, 0, 0, 0, 'V0', '2025-08-21 10:00:00', '2025-08-21 10:00:00'),
    (2, 1, 'Sunrise Traverse', 5, 0, 0, 0, 'V2', '2025-08-21 10:05:00', '2025-08-21 10:05:00'),
    (3, 2, 'Shadow Crack', 2, 0, 0, 0, 'V1', '2025-08-21 10:10:00', '2025-08-21 10:10:00'),
    (4, 2, 'Moonlight Mantle', 7, 0, 0, 0, 'V4', '2025-08-21 10:15:00', '2025-08-21 10:15:00'),
    (5, 3, 'Green Slab', 4, 0, 0, 0, 'V0', '2025-08-21 10:20:00', '2025-08-21 10:20:00'),
    (6, 3, 'Moss Traverse', 9, 0, 0, 0, 'V3', '2025-08-21 10:25:00', '2025-08-21 10:25:00'),
    (7, 3, 'Damp Pocket', 1, 0, 0, 0, 'V5', '2025-08-21 10:30:00', '2025-08-21 10:30:00'),
    (8, 4, 'Eagle''s Flight', 6, 0, 0, 0, 'V6', '2025-08-21 10:35:00', '2025-08-21 10:35:00'),
    (9, 4, 'Perch Traverse', 3, 0, 0, 0, 'V2', '2025-08-21 10:40:00', '2025-08-21 10:40:00'),
    (10, 4, 'Sky Crack', 10, 0, 0, 0, 'V8', '2025-08-21 10:45:00', '2025-08-21 10:45:00'),
    (11, 5, 'Stone Whisper', 2, 0, 0, 0, 'V1', '2025-08-21 10:50:00', '2025-08-21 10:50:00'),
    (12, 5, 'Wind Song', 5, 0, 0, 0, 'V3', '2025-08-21 10:55:00', '2025-08-21 10:55:00'),
    (13, 6, 'Red Wall', 12, 0, 0, 0, 'V7', '2025-08-21 11:00:00', '2025-08-21 11:00:00'),
    (14, 6, 'Cliff Edge', 8, 0, 0, 0, 'V5', '2025-08-21 11:05:00', '2025-08-21 11:05:00'),
    (15, 6, 'Blood Crack', 4, 0, 0, 0, 'V9', '2025-08-21 11:10:00', '2025-08-21 11:10:00'),
    (16, 7, 'Twin Arete', 7, 0, 0, 0, 'V4', '2025-08-21 11:15:00', '2025-08-21 11:15:00'),
    (17, 7, 'Double Slab', 2, 0, 0, 0, 'V0', '2025-08-21 11:20:00', '2025-08-21 11:20:00'),
    (18, 8, 'Hidden Crack', 1, 0, 0, 0, 'V2', '2025-08-21 11:25:00', '2025-08-21 11:25:00'),
    (19, 8, 'Hollow Roof', 4, 0, 0, 0, 'V6', '2025-08-21 11:30:00', '2025-08-21 11:30:00'),
    (20, 8, 'Quiet Traverse', 3, 0, 0, 0, 'V1', '2025-08-21 11:35:00', '2025-08-21 11:35:00'),
    (21, 2, 'Shadow Wall', 6, 0, 0, 0, 'V10', '2025-08-21 11:40:00', '2025-08-21 11:40:00'),
    (22, 5, 'Echo Corner', 2, 0, 0, 0, 'V2', '2025-08-21 11:45:00', '2025-08-21 11:45:00');

INSERT INTO comments (id, user_id, domain_id, comment_domain_type, content, created_at, updated_at) VALUES
    (1, 1, 1, 'POST', '첫 번째 게시글의 첫 댓글입니다.', '2025-08-20 10:01:12', '2025-08-20 10:01:12'),
    (2, 1, 1, 'POST', '좋은 글 잘 읽었습니다.', '2025-08-20 10:02:45', '2025-08-20 10:02:45'),
    (3, 1, 2, 'POST', '동의합니다!', '2025-08-20 10:03:27', '2025-08-20 10:03:27'),
    (4, 1, 2, 'POST', '두 번째 게시글의 첫 댓글', '2025-08-20 10:03:27', '2025-08-20 10:03:27'),
    (5, 1, 2, 'POST', '추가 의견 남깁니다.', '2025-08-20 10:06:49', '2025-08-20 10:06:49'),
    (6, 1, 2, 'POST', '게시글 내용이 유익하네요.', '2025-08-20 10:08:15', '2025-08-20 10:08:15'),
    (7, 1, 2, 'POST', '궁금한 점이 있습니다.', '2025-08-20 10:09:52', '2025-08-20 10:09:52'),
    (8, 1, 2, 'POST', '좋은 정보 감사합니다.', '2025-08-20 10:11:30', '2025-08-20 10:11:30'),
    (9, 1, 2, 'POST', '정말 공감되는 내용입니다.', '2025-08-20 10:13:04', '2025-08-20 10:13:04'),
    (10, 1, 2, 'POST', '도움이 많이 되었어요.', '2025-08-20 10:14:42', '2025-08-20 10:14:42'),
    (11, 1, 2, 'POST', '혹시 출처가 있을까요?', '2025-08-20 10:16:18', '2025-08-20 10:16:18'),
    (12, 1, 2, 'POST', '깔끔한 정리 감사합니다.', '2025-08-20 10:18:01', '2025-08-20 10:18:01'),
    (13, 1, 2, 'POST', '관련해서 제 경험도 공유하고 싶네요.', '2025-08-20 10:20:20', '2025-08-20 10:20:20'),
    (14, 1, 2, 'POST', '좋은 시각 배워갑니다.', '2025-08-20 10:22:11', '2025-08-20 10:22:11'),
    (15, 1, 2, 'POST', '읽으면서 많은 생각이 들었습니다.', '2025-08-20 10:24:36', '2025-08-20 10:24:36'),
    (16, 1, 2, 'POST', '작성해주셔서 감사드려요!', '2025-08-20 10:26:50', '2025-08-20 10:26:50'),
    (17, 1, 2, 'POST', '더 자세히 알고 싶습니다.', '2025-08-20 10:29:07', '2025-08-20 10:29:07'),
    (18, 1, 2, 'POST', '다른 글도 기대하겠습니다.', '2025-08-20 10:31:42', '2025-08-20 10:31:42');



INSERT INTO users (nickname, phone, user_role,
                   user_sex,
                   user_level,
                   name,
                   email,
                   password,
                   created_at,
                   updated_at)
VALUES ('bouldertiger', -- nickname
        '010-1234-5678', -- phone
        'ROLE_USER', -- user_role (enum 문자열)
        'MAN', -- user_sex (enum 문자열)
        'V0', -- user_level (enum 문자열)
        '김볼더', -- name
        'boulder', -- email
        '1234',-- pass
        NOW(), -- created_at
        NOW() -- updated_at
       );

INSERT INTO boulders (id, region_id, name, description,
                      latitude, longitude, like_count, created_at, updated_at)
VALUES
    (1, 1, 'Sunrise Crag', '해돋이 보기 좋은 바위, 초보자도 접근 용이',
     37.579617, 126.977041, 12, '2025-08-15 07:15:32', '2025-08-15 07:15:32'),
    (2, 2, 'Shadow Peak', '그림자가 길게 드리워지는 고독한 암석',
     35.179554, 129.075642, 5, '2025-08-16 09:42:18', '2025-08-16 09:42:18'),
    (3, 3, 'Mossy Boulder', '이끼로 덮인 습한 바위, 촉감이 부드러움',
     37.566535, 126.977969, 8, '2025-08-17 14:27:05', '2025-08-17 14:27:05'),
    (4, 4, 'Eagle''s Perch', '독수리가 날아오르는 전망 좋은 암석',
     36.350411, 127.384547, 20, '2025-08-18 06:55:44', '2025-08-18 06:55:44'),
    (5, 5, 'Whispering Stone', '바람 소리가 울리는 신비한 바위',
     35.872218, 128.602528, 2, '2025-08-18 19:33:21', '2025-08-18 19:33:21'),
    (6, 6, 'Red Cliff', '붉은 색을 띤 절벽형 바위, 사진 찍기 좋음',
     35.159545, 126.852601, 15, '2025-08-19 10:08:59', '2025-08-19 10:08:59'),
    (7, 7, 'Twin Rocks', '쌍둥이처럼 생긴 두 개의 바위가 붙어 있는 장소',
     36.487224, 127.289098, 7, '2025-08-19 22:45:11', '2025-08-19 22:45:11'),
    (8, 8, 'Hidden Hollow', '작은 계곡 안에 숨어있는 아늑한 바위',
     35.907757, 127.766922, 0, '2025-08-20 08:17:46', '2025-08-20 08:17:46');


-- boulder 별 이미지 (target_type = 'BOULDER')
INSERT INTO images (domain_id, image_domain_type, image_url, order_index)
VALUES (1, 'BOULDER', 'https://cdn.example.com/boulders/1/sunrise_1.jpg', 0),
       (1, 'BOULDER', 'https://cdn.example.com/boulders/1/sunrise_2.jpg', 1),
       (2, 'BOULDER', 'https://cdn.example.com/boulders/2/shadow_1.jpg', 0),
       (2, 'BOULDER', 'https://cdn.example.com/boulders/2/shadow_2.jpg', 1),
       (2, 'BOULDER', 'https://cdn.example.com/boulders/2/shadow_3.jpg', 2),
       (3, 'BOULDER', 'https://cdn.example.com/boulders/3/mossy_1.jpg', 0),
       (4, 'BOULDER', 'https://cdn.example.com/boulders/4/eagle_1.jpg', 0),
       (4, 'BOULDER', 'https://cdn.example.com/boulders/4/eagle_2.jpg', 1),
       (5, 'BOULDER', 'https://cdn.example.com/boulders/5/whisper_1.jpg', 0),
       (6, 'BOULDER', 'https://cdn.example.com/boulders/6/redcliff_1.jpg', 0),
       (6, 'BOULDER', 'https://cdn.example.com/boulders/6/redcliff_2.jpg', 1),
       (7, 'BOULDER', 'https://cdn.example.com/boulders/7/twinrocks_1.jpg', 0),
       (8, 'BOULDER', 'https://cdn.example.com/boulders/8/hiddenhollow_1.jpg', 0);

INSERT INTO regions (official_district_code, province, city, region_code)
VALUES ('1100000000', '서울특별시', NULL, '11B10101'),
       ('1111000000', '서울특별시', '종로구', '11B10101'),
       ('1114000000', '서울특별시', '중구', '11B10101'),
       ('1117000000', '서울특별시', '용산구', '11B10101'),
       ('1120000000', '서울특별시', '성동구', '11B10101'),
       ('1121500000', '서울특별시', '광진구', '11B10101'),
       ('1123000000', '서울특별시', '동대문구', '11B10101'),
       ('1126000000', '서울특별시', '중랑구', '11B10101'),
       ('1129000000', '서울특별시', '성북구', '11B10101'),
       ('1130500000', '서울특별시', '강북구', '11B10101'),
       ('1132000000', '서울특별시', '도봉구', '11B10101'),
       ('1135000000', '서울특별시', '노원구', '11B10101'),
       ('1138000000', '서울특별시', '은평구', '11B10101'),
       ('1141000000', '서울특별시', '서대문구', '11B10101'),
       ('1144000000', '서울특별시', '마포구', '11B10101'),
       ('1147000000', '서울특별시', '양천구', '11B10101'),
       ('1150000000', '서울특별시', '강서구', '11B10101'),
       ('1153000000', '서울특별시', '구로구', '11B10101'),
       ('1154500000', '서울특별시', '금천구', '11B10101'),
       ('1156000000', '서울특별시', '영등포구', '11B10101'),
       ('1159000000', '서울특별시', '동작구', '11B10101'),
       ('1162000000', '서울특별시', '관악구', '11B10101'),
       ('1165000000', '서울특별시', '서초구', '11B10101'),
       ('1168000000', '서울특별시', '강남구', '11B10101'),
       ('1171000000', '서울특별시', '송파구', '11B10101'),
       ('1174000000', '서울특별시', '강동구', '11B10101'),
       ('2600000000', '부산광역시', NULL, '11H20201'),
       ('2611000000', '부산광역시', '중구', '11H20201'),
       ('2614000000', '부산광역시', '서구', '11H20201'),
       ('2617000000', '부산광역시', '동구', '11H20201'),
       ('2620000000', '부산광역시', '영도구', '11H20201'),
       ('2623000000', '부산광역시', '부산진구', '11H20201'),
       ('2626000000', '부산광역시', '동래구', '11H20201'),
       ('2629000000', '부산광역시', '남구', '11H20201'),
       ('2632000000', '부산광역시', '북구', '11H20201'),
       ('2635000000', '부산광역시', '해운대구', '11H10701'),
       ('2638000000', '부산광역시', '사하구', '11H20201'),
       ('2641000000', '부산광역시', '금정구', '11H20201'),
       ('2644000000', '부산광역시', '강서구', '11H20201'),
       ('2647000000', '부산광역시', '연제구', '11H20201'),
       ('2650000000', '부산광역시', '수영구', '11H20201'),
       ('2653000000', '부산광역시', '사상구', '11H20201'),
       ('2671000000', '부산광역시', '기장군', '11H20201'),
       ('2700000000', '대구광역시', NULL, '11H10701'),
       ('2711000000', '대구광역시', '중구', '11H10701'),
       ('2714000000', '대구광역시', '동구', '11H10701'),
       ('2717000000', '대구광역시', '서구', '11H10701'),
       ('2720000000', '대구광역시', '남구', '11H10701'),
       ('2723000000', '대구광역시', '북구', '11H10701'),
       ('2726000000', '대구광역시', '수성구', '11H10701'),
       ('2729000000', '대구광역시', '달서구', '11H10701'),
       ('2771000000', '대구광역시', '달성군', '11H10701'),
       ('2772000000', '대구광역시', '군위군', '11H10707'),
       ('2800000000', '인천광역시', NULL, '11B20201'),
       ('2811000000', '인천광역시', '중구', '11B20201'),
       ('2814000000', '인천광역시', '동구', '11B20201'),
       ('2817700000', '인천광역시', '미추홀구', '11B20201'),
       ('2818500000', '인천광역시', '연수구', '11B20201'),
       ('2820000000', '인천광역시', '남동구', '11B20201'),
       ('2823700000', '인천광역시', '부평구', '11B20201'),
       ('2824500000', '인천광역시', '계양구', '11B20201'),
       ('2826000000', '인천광역시', '서구', '11B20201'),
       ('2871000000', '인천광역시', '강화군', '11B20101'),
       ('2872000000', '인천광역시', '옹진군', '11B20201'),
       ('2900000000', '광주광역시', NULL, '11F20501'),
       ('2911000000', '광주광역시', '동구', '11F20501'),
       ('2914000000', '광주광역시', '서구', '11F20501'),
       ('2915500000', '광주광역시', '남구', '11F20501'),
       ('2917000000', '광주광역시', '북구', '11F20501'),
       ('2920000000', '광주광역시', '광산구', '11F20501'),
       ('3000000000', '대전광역시', NULL, '11C20401'),
       ('3011000000', '대전광역시', '동구', '11C20401'),
       ('3014000000', '대전광역시', '중구', '11C20401'),
       ('3017000000', '대전광역시', '서구', '11C20401'),
       ('3020000000', '대전광역시', '유성구', '11C20401'),
       ('3023000000', '대전광역시', '대덕구', '11C20401'),
       ('3100000000', '울산광역시', NULL, '11H20101'),
       ('3111000000', '울산광역시', '중구', '11H20101'),
       ('3114000000', '울산광역시', '남구', '11H20101'),
       ('3117000000', '울산광역시', '동구', '11H20101'),
       ('3120000000', '울산광역시', '북구', '11H20101'),
       ('3171000000', '울산광역시', '울주군', '11H20101'),
       ('3611000000', '세종특별자치시', NULL, '11C20404'),
       ('3611010100', '세종특별자치시', '반곡동', '11C20404'),
       ('3611010200', '세종특별자치시', '소담동', '11C20404'),
       ('3611010300', '세종특별자치시', '보람동', '11C20404'),
       ('3611010400', '세종특별자치시', '대평동', '11C20404'),
       ('3611010500', '세종특별자치시', '가람동', '11C20404'),
       ('3611010600', '세종특별자치시', '한솔동', '11C20404'),
       ('3611010700', '세종특별자치시', '나성동', '11C20404'),
       ('3611010800', '세종특별자치시', '새롬동', '11C20404'),
       ('3611010900', '세종특별자치시', '다정동', '11C20404'),
       ('3611011000', '세종특별자치시', '어진동', '11C20404'),
       ('3611011100', '세종특별자치시', '종촌동', '11C20404'),
       ('3611011200', '세종특별자치시', '고운동', '11C20404'),
       ('3611011300', '세종특별자치시', '아름동', '11C20404'),
       ('3611011400', '세종특별자치시', '도담동', '11C20404'),
       ('3611011500', '세종특별자치시', '산울동', '11C20404'),
       ('3611011600', '세종특별자치시', '해밀동', '11C20404'),
       ('3611011700', '세종특별자치시', '합강동', '11C20404'),
       ('3611011800', '세종특별자치시', '집현동', '11C20404'),
       ('3611011900', '세종특별자치시', '세종동', '11C20404'),
       ('3611012000', '세종특별자치시', '누리동', '11C20404'),
       ('3611012100', '세종특별자치시', '한별동', '11C20404'),
       ('3611012200', '세종특별자치시', '다솜동', '11C20404'),
       ('3611012300', '세종특별자치시', '용호동', '11C20404'),
       ('3611025000', '세종특별자치시', '조치원읍', '11C20404'),
       ('3611031000', '세종특별자치시', '연기면', '11C20404'),
       ('3611032000', '세종특별자치시', '연동면', '11C20404'),
       ('3611033000', '세종특별자치시', '부강면', '11C20404'),
       ('3611034000', '세종특별자치시', '금남면', '11C20404'),
       ('3611035000', '세종특별자치시', '장군면', '11C20404'),
       ('3611036000', '세종특별자치시', '연서면', '11C20404'),
       ('3611037000', '세종특별자치시', '전의면', '11C20404'),
       ('3611038000', '세종특별자치시', '전동면', '11C20404'),
       ('3611039000', '세종특별자치시', '소정면', '11C20404'),
       ('4100000000', '경기도', NULL, '11BD0000'),
       ('4111000000', '경기도', '수원시', '11B20601'),
       ('4113000000', '경기도', '성남시', '11B20605'),
       ('4115000000', '경기도', '의정부시', '11B20301'),
       ('4117000000', '경기도', '안양시', '11B20602'),
       ('4119000000', '경기도', '부천시', '11B20204'),
       ('4121000000', '경기도', '광명시', '11B10103'),
       ('4122000000', '경기도', '평택시', '11B20606'),
       ('4125000000', '경기도', '동두천시', '11B20401'),
       ('4127000000', '경기도', '안산시', '11B20203'),
       ('4128000000', '경기도', '고양시', '11B20302'),
       ('4129000000', '경기도', '과천시', '11B10102'),
       ('4131000000', '경기도', '구리시', '11B20501'),
       ('4136000000', '경기도', '남양주시', '11B20502'),
       ('4137000000', '경기도', '오산시', '11B20603'),
       ('4139000000', '경기도', '시흥시', '11B20202'),
       ('4141000000', '경기도', '군포시', '11B20610'),
       ('4143000000', '경기도', '의왕시', '11B20609'),
       ('4145000000', '경기도', '하남시', '11B20504'),
       ('4146000000', '경기도', '용인시', '11B20612'),
       ('4148000000', '경기도', '파주시', '11B20305'),
       ('4150000000', '경기도', '이천시', '11B20701'),
       ('4155000000', '경기도', '안성시', '11B20611'),
       ('4157000000', '경기도', '김포시', '11B20102'),
       ('4159000000', '경기도', '화성시', '11B20604'),
       ('4161000000', '경기도', '광주시', '11B20702'),
       ('4163000000', '경기도', '양주시', '11B20304'),
       ('4165000000', '경기도', '포천시', '11B20403'),
       ('4167000000', '경기도', '여주시', '11B20703'),
       ('4180000000', '경기도', '연천군', '11B20402'),
       ('4182000000', '경기도', '가평군', '11B20404'),
       ('4183000000', '경기도', '양평군', '11B20503'),
       ('4300000000', '충청북도', NULL, '11C10000'),
       ('4311000000', '충청북도', '청주시', '11C10301'),
       ('4313000000', '충청북도', '충주시', '11C10101'),
       ('4315000000', '충청북도', '제천시', '11C10201'),
       ('4372000000', '충청북도', '보은군', '11C10302'),
       ('4373000000', '충청북도', '옥천군', '11C10403'),
       ('4374000000', '충청북도', '영동군', '11C10402'),
       ('4374500000', '충청북도', '증평군', '11C10304'),
       ('4375000000', '충청북도', '진천군', '11C10102'),
       ('4376000000', '충청북도', '괴산군', '11C10303'),
       ('4377000000', '충청북도', '음성군', '11C10103'),
       ('4380000000', '충청북도', '단양군', '11C10202'),
       ('4400000000', '충청남도', NULL, '11C20000'),
       ('4413000000', '충청남도', '천안시', '11C20301'),
       ('4415000000', '충청남도', '공주시', '11C20402'),
       ('4418000000', '충청남도', '보령시', '11C20201'),
       ('4420000000', '충청남도', '아산시', '11C20302'),
       ('4421000000', '충청남도', '서산시', '11C20101'),
       ('4423000000', '충청남도', '논산시', '11C20602'),
       ('4425000000', '충청남도', '계룡시', '11C20403'),
       ('4427000000', '충청남도', '당진시', '11C20103'),
       ('4471000000', '충청남도', '금산군', '11C20601'),
       ('4476000000', '충청남도', '부여군', '11C20501'),
       ('4477000000', '충청남도', '서천군', '11C20202'),
       ('4479000000', '충청남도', '청양군', '11C20502'),
       ('4480000000', '충청남도', '홍성군', '11C20104'),
       ('4481000000', '충청남도', '예산군', '11C20303'),
       ('4482500000', '충청남도', '태안군', '11C20102'),
       ('4600000000', '전라남도', NULL, '11F20000'),
       ('4611000000', '전라남도', '목포시', '21F20801'),
       ('4613000000', '전라남도', '여수시', '11F20401'),
       ('4615000000', '전라남도', '순천시', '11F20603'),
       ('4617000000', '전라남도', '나주시', '11F20503'),
       ('4623000000', '전라남도', '광양시', '11F20402'),
       ('4671000000', '전라남도', '담양군', '11F20504'),
       ('4672000000', '전라남도', '곡성군', '11F20602'),
       ('4673000000', '전라남도', '구례군', '11F20601'),
       ('4677000000', '전라남도', '고흥군', '11F20403'),
       ('4678000000', '전라남도', '보성군', '11F20404'),
       ('4679000000', '전라남도', '화순군', '11F20505'),
       ('4680000000', '전라남도', '장흥군', '11F20304'),
       ('4681000000', '전라남도', '강진군', '11F20303'),
       ('4682000000', '전라남도', '해남군', '11F20302'),
       ('4683000000', '전라남도', '영암군', '21F20802'),
       ('4684000000', '전라남도', '무안군', '21F20804'),
       ('4686000000', '전라남도', '함평군', '21F20101'),
       ('4687000000', '전라남도', '영광군', '21F20102'),
       ('4688000000', '전라남도', '장성군', '11F20502'),
       ('4689000000', '전라남도', '완도군', '11F20301'),
       ('4690000000', '전라남도', '진도군', '21F20201'),
       ('4691000000', '전라남도', '신안군', '21F20803'),
       ('4700000000', '경상북도', NULL, '11H10000'),
       ('4711000000', '경상북도', '포항시', '11H10201'),
       ('4713000000', '경상북도', '경주시', '11H10202'),
       ('4715000000', '경상북도', '김천시', '11H10601'),
       ('4717000000', '경상북도', '안동시', '11H10501'),
       ('4719000000', '경상북도', '구미시', '11H10602'),
       ('4721000000', '경상북도', '영주시', '11H10401'),
       ('4723000000', '경상북도', '영천시', '11H10702'),
       ('4725000000', '경상북도', '상주시', '11H10302'),
       ('4728000000', '경상북도', '문경시', '11H10301'),
       ('4729000000', '경상북도', '경산시', '11H10703'),
       ('4773000000', '경상북도', '의성군', '11H10502'),
       ('4775000000', '경상북도', '청송군', '11H10503'),
       ('4776000000', '경상북도', '영양군', '11H10403'),
       ('4777000000', '경상북도', '영덕군', '11H10102'),
       ('4782000000', '경상북도', '청도군', '11H10704'),
       ('4783000000', '경상북도', '고령군', '11H10604'),
       ('4784000000', '경상북도', '성주군', '11H10605'),
       ('4785000000', '경상북도', '칠곡군', '11H10705'),
       ('4790000000', '경상북도', '예천군', '11H10303'),
       ('4792000000', '경상북도', '봉화군', '11H10402'),
       ('4793000000', '경상북도', '울진군', '11H10101'),
       ('4794000000', '경상북도', '울릉군', '11E00101'),
       ('4800000000', '경상남도', NULL, '11H20000'),
       ('4812000000', '경상남도', '창원시', '11H20301'),
       ('4817000000', '경상남도', '진주시', '11H20701'),
       ('4822000000', '경상남도', '통영시', '11H20401'),
       ('4824000000', '경상남도', '사천시', '11H20402'),
       ('4825000000', '경상남도', '김해시', '11H20304'),
       ('4827000000', '경상남도', '밀양시', '11H20601'),
       ('4831000000', '경상남도', '거제시', '11H20403'),
       ('4833000000', '경상남도', '양산시', '11H20102'),
       ('4872000000', '경상남도', '의령군', '11H20602'),
       ('4873000000', '경상남도', '함안군', '11H20603'),
       ('4874000000', '경상남도', '창녕군', '11H20604'),
       ('4882000000', '경상남도', '고성군', '11D20402'),
       ('4884000000', '경상남도', '남해군', '11H20405'),
       ('4885000000', '경상남도', '하동군', '11H20704'),
       ('4886000000', '경상남도', '산청군', '11H20703'),
       ('4887000000', '경상남도', '함양군', '11H20501'),
       ('4888000000', '경상남도', '거창군', '11H20502'),
       ('4889000000', '경상남도', '합천군', '11H20503'),
       ('5000000000', '제주특별자치도', NULL, '11G00000'),
       ('5011000000', '제주특별자치도', '제주시', '11G00201'),
       ('5013000000', '제주특별자치도', '서귀포시', '11G00401'),
       ('5100000000', '강원특별자치도', NULL, '11D20000'),
       ('5111000000', '강원특별자치도', '춘천시', '11D10301'),
       ('5113000000', '강원특별자치도', '원주시', '11D10401'),
       ('5115000000', '강원특별자치도', '강릉시', '11D20501'),
       ('5117000000', '강원특별자치도', '동해시', '11D20601'),
       ('5119000000', '강원특별자치도', '태백시', '11D20301'),
       ('5121000000', '강원특별자치도', '속초시', '11D20401'),
       ('5123000000', '강원특별자치도', '삼척시', '11D20602'),
       ('5172000000', '강원특별자치도', '홍천군', '11D10302'),
       ('5173000000', '강원특별자치도', '횡성군', '11D10402'),
       ('5175000000', '강원특별자치도', '영월군', '11D10501'),
       ('5176000000', '강원특별자치도', '평창군', '11D10503'),
       ('5177000000', '강원특별자치도', '정선군', '11D10502'),
       ('5178000000', '강원특별자치도', '철원군', '11D10101'),
       ('5179000000', '강원특별자치도', '화천군', '11D10102'),
       ('5180000000', '강원특별자치도', '양구군', '11D10202'),
       ('5181000000', '강원특별자치도', '인제군', '11D10201'),
       ('5182000000', '강원특별자치도', '고성군', '11D20402'),
       ('5183000000', '강원특별자치도', '양양군', '11D20403'),
       ('5200000000', '전북특별자치도', NULL, '11F00000'),
       ('5211000000', '전북특별자치도', '전주시', '11F10201'),
       ('5213000000', '전북특별자치도', '군산시', '21F10501'),
       ('5214000000', '전북특별자치도', '익산시', '11F10202'),
       ('5218000000', '전북특별자치도', '정읍시', '11F10203'),
       ('5219000000', '전북특별자치도', '남원시', '11F10401'),
       ('5221000000', '전북특별자치도', '김제시', '21F10502'),
       ('5271000000', '전북특별자치도', '완주군', '11F10204'),
       ('5272000000', '전북특별자치도', '진안군', '11F10303'),
       ('5273000000', '전북특별자치도', '무주군', '11F10302'),
       ('5274000000', '전북특별자치도', '장수군', '11F10301'),
       ('5275000000', '전북특별자치도', '임실군', '11F10402'),
       ('5277000000', '전북특별자치도', '순창군', '11F10403'),
       ('5279000000', '전북특별자치도', '고창군', '21F10601'),
       ('5280000000', '전북특별자치도', '부안군', '21F10602');


-- BOARD 게시글 8개
INSERT INTO posts (user_id, title, content, post_type, view_count, comment_count, meeting_date, created_at, updated_at)
VALUES
    (1, '서비스 오픈 공지', '드디어 서비스를 오픈합니다!', 'BOARD', 120,2, NULL, '2025-08-01 10:15:00', '2025-08-01 10:15:00'),
    (1, '암벽화 추천', '입문자용 암벽화 어떤 게 좋을까요?', 'BOARD', 80, 16,NULL, '2025-08-03 14:20:00', '2025-08-03 14:22:00'),
    (1, '운동 후기', '오늘 크로스핏과 러닝 병행했습니다.', 'BOARD', 35, 0,NULL, '2025-08-05 09:10:00', '2025-08-05 09:12:00'),
    (1, '공지: 서버 점검 안내', '9월 1일 새벽 2시~5시 점검 예정입니다.', 'BOARD', 210, 0,NULL, '2025-08-10 08:00:00', '2025-08-10 08:05:00'),
    (1, '질문: 초크백 필요할까요?', '입문자인데 꼭 사야 하나요?', 'BOARD', 55, 0,NULL, '2025-08-12 18:30:00', '2025-08-12 18:32:00'),
    (1, '업데이트 소식', '댓글 기능이 새로 추가되었습니다.', 'BOARD', 160, 0,NULL, '2025-08-14 12:00:00', '2025-08-14 12:05:00'),
    (1, '잡담', '오늘 날씨가 너무 좋아요~', 'BOARD', 22, 0,NULL,'2025-08-16 21:00:00', '2025-08-16 21:05:00'),
    (1, '하네스 브랜드 추천', '편한 하네스 있으면 알려주세요.', 'BOARD', 42, 0,NULL, '2025-08-18 15:40:00', '2025-08-18 15:42:00');

-- MATE 게시글 8개
INSERT INTO posts (user_id, title, content, post_type, view_count, comment_count, meeting_date, created_at, updated_at)
VALUES
    (1,  '동행 모집: 인수봉', '이번 주말 인수봉 같이 가실 분?', 'MATE', 60, 0,'2025-09-01', '2025-08-20 08:00:00', '2025-08-20 08:05:00'),
    (1, '서울숲 암벽장 동행', '9월 5일 오후에 퇴근 후 가실 분?', 'MATE', 28, 0,'2025-09-05', '2025-08-21 12:00:00', '2025-08-21 12:05:00'),
    (1, '북한산 동행 구해요', '주말에 북한산 암벽 가실 분?', 'MATE', 75, 0,'2025-09-07', '2025-08-22 09:00:00', '2025-08-22 09:05:00'),
    (1, '평일 저녁 클라이밍', '잠실 암벽장에서 평일 저녁 같이 하실 분?', 'MATE', 25, 0,'2025-09-10', '2025-08-23 18:00:00', '2025-08-23 18:02:00'),
    (1, '주말 클라이밍 동행', '9월 둘째 주 토요일에 함께 하실 분?', 'MATE', 30, 0,'2025-09-13', '2025-08-24 11:00:00', '2025-08-24 11:05:00'),
    (1, '한강 러닝 동행', '클라이밍 끝나고 러닝 같이 하실 분?', 'MATE', 18, 0,'2025-09-15', '2025-08-25 07:30:00', '2025-08-25 07:32:00'),
    (1, '야외 암벽 모집', '가평 암벽장 같이 가실 분?', 'MATE', 40, 0,'2025-09-20', '2025-08-26 19:00:00', '2025-08-26 19:05:00'),
    (1, '수원 암벽장 체험', '새로 생긴 암벽장 가실 분?', 'MATE', 20, 0,'2025-09-25', '2025-08-27 20:00:00', '2025-08-27 20:05:00');

-- 추가 BOARD 게시글 10개
INSERT INTO posts (user_id, title, content, post_type, view_count, comment_count, meeting_date, created_at, updated_at)
VALUES
    (1, '공지: 이벤트 안내', '리뷰 이벤트에 참여해 주세요.', 'BOARD', 130, 0, NULL, '2025-08-02 10:00:00', '2025-08-02 10:02:00'),
    (1, '암벽화 세일 정보', '아울렛 세일 정보 공유합니다.', 'BOARD', 75, 0,NULL, '2025-08-04 15:30:00', '2025-08-04 15:32:00'),
    (1, '루트 완등 후기', '새로운 루트 성공했어요!', 'BOARD', 55, 0,NULL, '2025-08-06 19:00:00', '2025-08-06 19:02:00'),
    (1, '공지: 버그 패치', '게시글 작성 버그 수정 완료.', 'BOARD', 90,0, NULL, '2025-08-08 13:00:00', '2025-08-08 13:05:00'),
    (1, '잡담: 오늘 식단', '닭가슴살, 샐러드 먹었습니다.', 'BOARD', 20, 0,NULL, '2025-08-11 08:30:00', '2025-08-11 08:32:00'),
    (1, '질문: 손가락 통증', '클라이밍 후 통증이 있는데 괜찮을까요?', 'BOARD',17, 0, NULL, '2025-08-13 16:00:00', '2025-08-13 16:02:00'),
    (1, '공지: 앱 업데이트', '앱 버전 1.1 배포 완료.', 'BOARD', 170,0, NULL, '2025-08-15 10:00:00', '2025-08-15 10:05:00'),
    (1, '운동 루틴 공유', '주 3회 클라이밍 + 주 2회 크로스핏.', 'BOARD', 33,0, NULL, '2025-08-17 09:00:00', '2025-08-17 09:05:00'),
    (1, '질문: 초보자 루트', 'V0, V1 어떤 것부터 시작해야 할까요?', 'BOARD', 65,0, NULL, '2025-08-19 17:00:00', '2025-08-19 17:02:00'),
    (1, '잡담: 날씨', '비 오면 야외 암벽 힘들죠?', 'BOARD', 18, 0,NULL, '2025-08-28 21:00:00', '2025-08-28 21:02:00');

-- 추가 MATE 게시글 10개
INSERT INTO posts (user_id, title, content, post_type, view_count, comment_count, meeting_date, created_at, updated_at)
VALUES
    (1, '동행 모집: 홍대 암벽장', '9월 2일 저녁 홍대 암벽장 같이 가실 분?', 'MATE', 32, 0,'2025-09-02', '2025-08-29 09:00:00', '2025-08-29 09:02:00'),
    (1, '동행 구해요: 강남 클라이밍', '강남 암벽장에서 퇴근 후 같이 하실 분?', 'MATE', 27, 0,'2025-09-03', '2025-08-30 14:00:00', '2025-08-30 14:05:00'),
    (1, '동행: 불암산', '불암산 암벽 같이 가실 분?', 'MATE', 41, 0, '2025-09-06', '2025-08-31 10:00:00', '2025-08-31 10:05:00'),
    (1, '동행 모집: 잠실 암벽장', '9월 8일 저녁 모임 구합니다.', 'MATE', 36, 0,'2025-09-08', '2025-09-01 18:00:00', '2025-09-01 18:05:00'),
    (1, '동행: 한강 러닝 + 암벽', '같이 운동하실 분?', 'MATE', 22, 55, '2025-09-09', '2025-09-02 07:30:00', '2025-09-02 07:32:00'),
    (1, '동행 모집: 관악산', '9월 12일 관악산 가실 분?', 'MATE', 29, 0,'2025-09-03 20:00:00', '2025-09-03 20:05:00', '2025-09-03 20:05:00'),
    (1, '동행 구해요: 일산 암벽장', '일산 암벽장 처음 가보려는데 같이 하실 분?', 'MATE', 18, 0, '2025-09-04 15:00:00', '2025-09-04 15:05:00', '2025-09-04 15:05:00'),
    (1, '동행: 대구 실내암벽장', '대구 거주자 중 함께 하실 분?', 'MATE', 24, 0, '2025-09-05 08:00:00', '2025-09-05 08:05:00', '2025-09-05 08:05:00'),
    (1, '동행 모집: 속초 야외 암벽', '9월 셋째 주 주말 속초에서 같이 하실 분?', 'MATE', 38,0, '2025-09-06', '2025-09-06 10:00:00', '2025-09-06 10:05:00'),
    (1, '동행 구해요: 부산 클라이밍', '부산 여행 겸 암벽 같이 하실 분?', 'MATE', 26, 0,'2025-09-07', '2025-09-07 09:00:00', '2025-09-07 09:02:00');

--  외래 키 제약 다시 활성화
SET FOREIGN_KEY_CHECKS = 1;